STATE,RACE,S1_DEM_RATIO,S2_DEM_RATIO,S3_DEM_RATIO,S4_DEM_RATIO,S5_DEM_RATIO,S6_DEM_RATIO,S1_REP_RATIO,S2_REP_RATIO,S3_REP_RATIO,S4_REP_RATIO,S5_REP_RATIO,S6_REP_RATIO,S1_COR(DD),S2_COR(DD),S3_COR(DD),S4_COR(DD),S5_COR(DD),S6_COR(DD),S1_COR(RR),S2_COR(RR),S3_COR(RR),S4_COR(RR),S5_COR(RR),S6_COR(RR),TIGHT_RACE,WINNER
VA,D,0.9730265980793875,0.9780413560782365,0.988393065645336,1.0154624276086737,0.9707894545059393,0.9419471301813661,1.0381669976711407,1.036532921970654,1.0224971730798817,0.9666153507354742,1.0750596781417445,1.2322883354457537,0.8728529452038065,0.8017758054929286,0.5886187584276675,0.8245025169007221,0.8533387531757776,0.9921950534212176,0.9670106228650531,0.9507746245031766,0.8968022939924166,0.9343360753399539,0.9828286568539019,0.9939181038804047,False,D
VA,D,0.7980828357099331,0.8040470905984233,0.8505373542572678,0.8436976589671549,0.8194200156722962,0.838327226958953,1.089176678524055,1.1306862171600731,1.1216775076997751,1.1680272250520587,1.262507611025722,1.3974302182576266,0.9916522979852557,0.9398287306751225,0.9538368170674644,0.9508840399470803,0.6080362692595161,0.9610354441575061,0.9923265140911092,0.9645492121010496,0.9619972509745673,0.9805803873293184,0.746410985958032,0.9650888967241961,False,R
VA,S,1.1086861413355278,1.0229106259683645,1.0017068101869289,0.9905794599345557,0.9807724335929922,0.9555098186492607,0.9649264008011467,0.9873598764250647,0.9994361245218168,1.0085051598123116,1.0338047369642054,1.2995672588975278,0.8970808418226418,0.8935276045165333,0.8197844807121693,0.797076293859966,0.8904986896507208,0.8167789410881859,0.9126311894759613,0.9105471206144878,0.8164246489008165,0.8397486823903708,0.8706695367074391,0.822979296223367,True,D
VA,D,0.9805211292276808,0.9410900499781126,0.9481226188315748,0.9276298370268566,0.9267009621166309,0.8791447661920846,1.0225856018467114,1.0839970752981394,1.0822703420138262,1.1298526081809697,1.1546419368356278,1.3730991636536845,0.8844073252303009,0.8736279891492353,0.8499328109131379,0.8705143830558556,0.7418280410703866,0.7393949829128724,0.9789730307255815,0.9425213925136182,0.9669848689585508,0.8995062356531907,0.3979257029697265,0.9244287476912517,False,D
VA,D,0.7950500077714707,0.8835371230812241,0.893331256845325,0.8739249124867374,0.8681924084963805,0.8252903269309924,1.1203453925407176,1.0864203297871045,1.0959319025100736,1.1326651848055318,1.1571807061465773,1.2882414899538173,0.7478468948075268,0.49367238007204817,0.9399176528372303,0.9680276210916103,0.8790267878487833,0.9400304437930858,0.8280923427319052,0.6088623493088681,0.9651947061583219,0.9832399460263522,0.8855583828177519,0.9813967874918192,False,R
VA,D,0.7613973287136613,0.7265140412040488,0.722483139897868,0.8142179949310147,0.8436875856500132,0.8702638515491913,1.0814756161355155,1.1375390717358596,1.182374949910668,1.1729476896667022,1.202831304290667,1.3748946991513349,0.8612055325162121,0.9089209742111677,0.9192711512460436,0.836246156457178,0.8724885716014783,0.8246668976324403,0.9535833507615386,0.9152872483809498,0.9085634350928217,0.8599761650904877,0.8660658625727053,0.7648506132678846,False,R
VA,D,0.7051882341751972,0.7396201139712371,0.7794784312546471,0.7705062908572302,0.8630431321901948,0.8578575901707121,1.1069247184130822,1.1429910362012392,1.1680197887632717,1.2560718792366403,1.2611918498551755,3.017249201687809,0.9393178121419696,0.9645431997700028,0.9791257663419338,0.7017266577437615,0.6469831760053497,0.9690825745924349,0.967242094182649,0.9811026189118229,0.9890645298952476,0.8638216998142615,0.8532557103391459,0.9493363172055317,False,R
VA,D,0.7114576457031769,0.7797962474668825,0.8679996460055418,0.7959666109526577,0.7877148041142171,0.8100024918461755,1.1364976514843388,1.127204180219077,1.092756084021444,1.1737197815422538,1.2639426732558705,1.5844858817175074,0.8287076130567648,0.9722671506447146,0.8633086799955697,0.9337378419897917,0.7973713396291988,0.966055779665622,0.9684996584343722,0.9844295459350791,0.8829737579592867,0.9378423815948621,0.8554309904028624,0.9680728062015851,False,R
VA,D,0.9388270921305919,0.9354354267352457,0.8527741668222465,0.9110831757306225,0.9425208533466595,0.9263643851300096,1.0264700666606654,1.035833106539739,1.0951058200554793,1.0710186597571882,1.0631260331577148,1.1103648997845295,0.9043434885493536,0.8382063460596437,0.8628499167613394,0.8839536785893938,0.8340747449750945,0.9183726162759469,0.968848746369838,0.8049796265026377,0.9803548888994498,0.881178864116516,0.8909936071935429,0.9754763982394522,False,R
MN,D,1.1356236400081272,1.0115386727320461,1.0145583095768562,0.9614885654379567,0.9200308685122782,0.9211565734468581,0.9433343471994451,0.9928886993817844,0.9870104493765539,1.0493689338435124,1.130523579020025,1.2470725430832257,0.9694753426986655,0.9884594787610556,0.9892041975538729,0.9873645528658253,0.9838310922112135,0.9734976649569489,0.9849051929664455,0.9876737408261984,0.9775534946153205,0.9927826962018074,0.9827386147931033,0.9664541543402054,True,D
MN,D,0.7760297545028153,0.7874084805019769,0.8169875927270094,0.809160232308642,0.8305955616603047,0.8469805035433525,1.1257052526092022,1.1571872827975456,1.1697190828644584,1.2090058539491932,1.2142483613587831,1.2515084178409193,0.9911039921114048,0.9896746863263317,0.9622442271968303,0.9655213717862068,0.851571091130007,0.9660599833622363,0.9983548763685374,0.9962578812077193,0.9753911170349855,0.986205857776765,0.9416562675127637,0.9910444958693455,False,R
MN,D,0.6938992566807989,0.7439584126818131,0.7530240196515043,0.7800234212889544,0.7857360967706175,0.8153120989901271,1.1967825731390682,1.2229986709133769,1.2497167622320424,1.255905840327032,1.2845753403070233,1.3099664192541938,0.9558515791057196,0.954253872902259,0.9429475378282948,0.9237513554923774,0.8801130159143026,0.9323932526179619,0.9853073787580864,0.9616505214343725,0.9248617259233369,0.9007187217317121,0.927903754588216,0.9380970510060095,False,R
MN,S,1.2429284864790753,1.1319331975251046,1.095139663588659,1.070115095437098,1.0380058161069023,1.013566877300841,0.9026847646692506,0.9160357029324933,0.9224702846315059,0.9273679254431673,0.948743827439575,0.9785392364807448,0.9868848489534887,0.987039167240509,0.9822477665465852,0.9843864482564979,0.9853742674543535,0.9544353808761955,0.9888892348792733,0.9926842168256879,0.9889778045235628,0.9865175888859197,0.9875487528361716,0.9513422465391074,False,D
MN,G,1.0846930698706754,1.0343705101709726,1.0205572609683105,1.0007478623837893,1.001144030280967,0.9910697590072125,0.9659270318612403,0.9785251902991081,0.9835638424054696,0.99924765335779,0.9994315173464549,1.0594832242168788,0.9902366069036532,0.9905086326548903,0.9824481523773928,0.9831720378931862,0.9745871964387992,0.9529205392163406,0.9945014420921197,0.9935885290931413,0.9909445493981263,0.990182209819126,0.9849319103524772,0.9452243679481881,True,D
MN,D,0.968855496752987,0.9793430745207518,0.9798792167297307,1.0071409549953771,1.0142444030856117,0.983293907641953,1.0460416229899299,1.040172304712628,1.0460118578542779,0.9727533549946185,0.9296962644567012,1.2940227240465019,0.9656622305309258,0.9318232640225604,0.8007112225997655,0.7571364933729594,0.5839914995249,0.610735759502855,0.9788312045146689,0.9162741641728426,0.7930163171851099,0.7998227978145015,0.5708018939687398,0.6842104596120057,False,D
MN,D,1.0804095226783919,1.044784232066194,1.0428724387622677,1.0362652944008883,1.0013681210754057,0.9898118296347383,0.9305938917673802,0.9429703263832533,0.9293918997016412,0.910049889736945,0.9994003806612946,1.0929986658013842,0.9807575389951161,0.963423076766024,0.939279941218541,0.958154258169634,0.8986326871966522,0.8291718105908698,0.9825046249387492,0.9679053761841621,0.9633469667893921,0.9807008917074276,0.932408217104578,0.9606443011590812,False,D
MN,D,1.2927506280358498,1.1524618620602582,1.1240747809920784,1.0670674086389058,1.0914829815247284,1.036420453134259,0.8859420495836793,0.8971800231749054,0.8979495640026318,0.9362545088734838,0.893461700180545,0.9339189744376788,0.9765956669567999,0.9878859632315242,0.9908160608195608,0.9836138961709266,0.9827493119966235,0.9442975430460436,0.9923846668530889,0.9940259128818248,0.9938511630982941,0.9876651152624649,0.9925146397608493,0.9554505383848165,True,D
MN,D,1.0790560039302641,0.9546298121138976,0.9772467738087971,0.9614706123906158,0.9567657568684909,0.970975136438183,0.9711325435839469,1.0244611735491842,1.0145194492252776,1.0288806479537564,1.0407438321134606,1.0265289634495645,0.9746122579625829,0.9605326835793553,0.9783223064360878,0.96901818058056,0.890193676652356,0.8447907514079351,0.9961972641387022,0.9927766448076326,0.9880590350026596,0.9849873802564169,0.9569886211844325,0.8863504430651905,False,R
MN,D,1.6941361819130243,1.3906456584739944,1.3080546662708665,1.2616767924896668,1.206566961370956,1.079590869842465,0.7636331961631219,0.7854311877773918,0.7897486645166557,0.781946338200166,0.7793132387742973,0.8968156380668068,0.9633144577103914,0.9909472755788347,0.9877447888577433,0.9865491349594409,0.9821751495440301,0.936995716815477,0.9694984299639877,0.9931145807365718,0.9863422612844001,0.9848906612996127,0.9836503041127763,0.9485190082406649,True,D
CO,D,0.945522553627212,0.9232251028479599,0.958518578156054,0.9450568058498934,1.002437642651286,1.0011770985322952,1.0362727329308314,1.0675633411294858,1.051335819695874,1.0915612319492543,0.988626645443736,0.9907800455148805,0.7262578334755649,0.6417424168665744,0.34719854607902734,0.953222237948768,0.9086805783224031,0.9526429069283239,0.8472735784074134,0.6994844407140346,0.4022906914279349,0.9559289890116222,0.8873563285322685,0.9101481581629657,False,D
CO,D,0.7083554246918485,0.7316482446615072,0.7895383474008896,0.8350968593611791,0.8640471806858923,0.9085952881975867,1.089846489404163,1.1367781177599623,1.1609261371435375,1.1912198741996893,1.2678914614443948,1.3813953937981518,0.9290986566716986,0.890607800923705,0.9105941242496123,0.933741176708075,0.951609268827921,0.9756943742645137,0.943598295094098,0.9516370996771226,0.9601709209856197,0.9815299620314033,0.9735362570950521,0.9920501577384895,False,R
CO,S,0.8494466841211119,0.9053591526453744,0.9323303848907711,0.9456468803151832,0.9561687060743472,0.9732456776932057,1.0479103544649457,1.0585184833011276,1.0622827727998394,1.0747761915107827,1.0883529935750749,1.1547829870551427,0.9129569093893942,0.9099357948007963,0.8285653372336793,0.7804213773501812,0.8653030040112077,0.8961016547301447,0.9539438353567261,0.9488610515741324,0.9093029515926301,0.78360268548141,0.8628089940786545,0.9357226564047447,True,R
CO,D,1.2176399900326926,1.1392206617245664,1.1058733341923381,0.9888052738526479,0.9933979659825933,0.9616410414835592,0.9292728850070311,0.9399547131394435,0.9472878011607828,1.0077001496694193,1.0054144090722408,1.0624441300835772,0.9713935976967627,0.8713151469879206,0.9163533723044521,0.9551079816744208,0.9712839000810762,0.8860266124605677,0.9894957479451675,0.9189885587956729,0.9406324622124316,0.9886995212193996,0.9834557477968028,0.9858378630686769,False,R
CO,D,0.7356845418470627,0.7022936377793411,0.7611929649535492,0.7771491804667057,0.7767305137910776,0.85007315895526,1.0670787861210074,1.108622628489092,1.1204170706856178,1.1426364190590808,1.211028503429197,1.2656578764859017,0.889023768235292,0.838311961550065,0.9697407694521685,0.9528081023633903,0.9125786776261151,0.8612231216849031,0.9889341082137918,0.9106479800403662,0.9887816850064387,0.9802497597653996,0.9835860190917822,0.9411761299198916,False,R
CO,D,1.0174883949971065,1.0067988287746539,1.0081630368412835,0.9929486351298995,0.9834468378829927,0.9769161197932756,0.9834810650922894,0.989758852400554,0.9771507653243087,1.0260098226121375,1.0921010108981568,1.2514210696336385,0.9176616275568168,0.7785455315586886,0.8291421116810145,0.7035892040462822,0.8616110894653816,0.895240052071946,0.9452211486206743,0.8485354429796418,0.8417472506394932,0.6452427380543395,0.7833926897422521,0.8559587169510452,False,D
CO,D,0.9126939864244775,0.8827091801388608,0.8832142825932807,0.8595693168714726,0.876558642110819,0.8765842029495183,1.0545690361532387,1.090705358959933,1.1139534646316969,1.1663055797046087,1.213393451159377,1.4397372973390106,0.9825279013602632,0.9518058737474053,0.9539910477595076,0.96216285800077,0.956153455875951,0.9421845805044466,0.9884500282692409,0.9674813312245768,0.9717198234722028,0.963654510913797,0.9795879897789331,0.9647422111606506,True,R
CO,D,1.0721038055632333,1.0215956368988215,0.9776190593247843,0.9439037456985839,0.9088809120771776,0.8859457752859918,0.955208930206881,0.9786261594289433,1.029207056901754,1.0860021250278538,1.1599599226050505,1.291629893418785,0.7543818854993389,0.543944984293411,0.4939886692327981,0.6891479055122366,0.45998320063552,0.7276573057644896,0.7669775557339275,0.6003965305934837,0.483102843488257,0.7003876964445075,0.7365089087663084,0.6976847610151548,False,D
FL,D,1.0179163248699872,0.8137203723445068,0.8024617592740061,0.8036934488192958,0.8004807676264232,0.7932375677766595,1.0563018239979864,1.1046621301634136,1.1355045372653767,1.15622596165214,1.1884553676688812,1.3689423863802512,0.994283578495144,0.9762962168886268,0.9969044009662877,0.9857967979658895,0.9936914169586788,0.9964921818038471,0.997533583486336,0.9903137532823291,0.997332148689147,0.9925279306488254,0.9965651205352462,0.9979025230059796,False,R
FL,D,0.8822795592731176,0.9352795210341622,0.9103493113460015,0.8723375325006326,0.912771223237923,0.9263178326405963,1.0650774556894034,1.067352869531897,1.1299263102324641,1.233441971202697,1.2147459327185715,1.301116225664853,0.9885306294248443,0.9908007402945798,0.9484876278032309,0.996484459321206,0.987286218824479,0.975198551962957,0.9986928988470442,0.9926577592354289,0.9832958788025713,0.982707277998979,0.9866473304931773,0.9902896703538843,True,D
FL,D,1.436059027387392,1.1860761227331449,1.1556801973818325,1.0754641698342207,1.0739762977246872,1.0243377132870637,0.9161782722269449,0.9354638409343063,0.9168458330745773,0.9351278142767669,0.9131012507104243,0.9607817298197444,0.9893845244427816,0.9891876841843744,0.9661323419774819,0.8636814095974483,0.8526837916857625,0.9024725970350521,0.9962901738558162,0.9959011354569671,0.9904852040707448,0.8600744822053121,0.9242915212604039,0.9129058985657096,True,D
FL,D,0.8699159505251238,0.8521239052579502,0.9284445887266738,0.9384280488134731,0.9450348008727268,0.96069936340127,1.0285080862767566,1.0463294948527773,1.0398432933497863,1.0436876855957147,1.0639243210127474,1.3324025450742254,0.9906795919484322,0.9750800000685956,0.9397835560146064,0.957835229480523,0.9715231969971546,0.6817207618798308,0.9969772825077907,0.9901456517596713,0.9751936299548725,0.9950223667456591,0.9915947695363688,0.8321131117216809,False,R
FL,D,0.9051155763521679,0.8904951302914849,0.8461527101344231,0.8476884152620489,0.8223644040064799,0.8736034784286852,1.0384263049836158,1.0643290078477108,1.110912255970329,1.138369933070662,1.1862034565392077,1.2649968348827145,0.8690310906805153,0.8734186656458591,0.996408757993345,0.9771643525258751,0.9961483948973564,0.9837236764843029,0.8475032222585681,0.8932849285396798,0.9957595223005112,0.9939221190816598,0.9990436612906103,0.9988789604353673,False,R
FL,D,1.056700019229239,0.8972982326402648,0.9335799760631792,0.8863866194684753,0.8589764231253826,0.8329287886375146,0.99324294138911,1.0483986238455771,1.0389231004037758,1.0838519306247143,1.1282882553158886,2.093456589893317,0.9938501346641768,0.9849520477000824,0.9406576554322147,0.9322264336716343,0.8185555490054325,0.9765649865474405,0.9875800318996991,0.9782144037073222,0.8982563448027313,0.9164069752711823,0.7928518857298532,0.8564370762449504,False,R
FL,D,1.2792046335734186,1.1168337120487972,1.0443722710770216,0.9699132416392484,0.9670910347486025,0.8205029864418031,0.7394173115649839,0.8436311755341016,0.9335752995205543,1.0581005034308062,1.0742395747713098,3.331339465190735,0.3522221641312056,0.2951558128784837,0.15506066542361324,0.2595367121229743,0.12292658050363722,-0.07769423707323822,0.4639216212523041,0.44054955135012297,0.23441943514834493,0.31838968659176453,0.13225617183439523,-0.01606973622554074,False,D
FL,D,0.8741065134507189,0.9060863121545585,0.8616699313499067,0.8750279729790243,0.8416722987908825,0.8206964280222626,1.0566404587638798,1.0514838326524771,1.0875073332066616,1.0907697630304365,1.1396519265290155,1.3777964782756276,0.9491833608557028,0.9928465600593138,0.9869459715106076,0.9569050497427075,0.9911296422764744,0.9781299465757977,0.9836195626665355,0.9932771499448063,0.9886108621063578,0.9584906904348136,0.9769168804644187,0.9957332607060083,False,R
FL,D,0.8177082220907546,0.8439050714815803,0.8245781365257274,0.8375500253082934,0.8402821386923258,0.8710003671773934,1.075545590057979,1.0843667519949949,1.1134751264241132,1.1303310993936007,1.160525719632154,1.3181883337455405,0.979504988133818,0.9722462539001678,0.9869440617752154,0.9798900058108622,0.9527745897364596,0.9569934529011408,0.9976983999330178,0.9825926661273083,0.9982648425042322,0.9814559126570885,0.9624411727398775,0.9319908150271337,False,R
FL,D,1.524593993824858,1.1516226356236963,1.0793715435512035,1.0112909133105177,1.001070370664494,1.001375355541601,0.36380106122417155,0.70798558529748,0.8044077154211364,0.9011856417220532,1.007010253908644,0.8828743315247064,0.9784516805799488,-0.9631126721157806,0.9413901273927202,-1.0,-0.9999363097710585,0.739401038860337,0.9985910731058909,0.8482609377786342,0.25062267397483173,1.0,-0.9378242548798447,0.998697774971553,False,D
FL,D,0.9006150332811036,0.9312271313946874,0.9692398193450071,0.9273248919791784,0.9566185020674803,0.9695239478113186,1.0489339055882225,1.0890289263125645,1.0775030193049187,1.3601281200588313,1.3613232034111926,3.555570152970577,0.40431018324838897,0.7837999909040814,0.8281136632195282,0.9700266283021465,0.9781080060665929,0.9905252719474625,0.5222308799320924,0.6352814083001904,0.7448641139699083,0.9490679248190106,0.9261134609981126,0.8723897900499594,False,D
FL,D,1.865555064051051,1.2100538361695905,1.0415346270450894,0.9869502288567948,0.9639407005071821,0.9333684071564279,0.37782321820539944,0.5947381570894738,0.9021016137298962,1.0248623631353218,1.2778070789020186,5.2158332897089394,0.1045125624088388,-0.23230398175881273,0.292817069868543,-0.3485036517172262,0.0735759423835947,0.5698292421057829,0.07826071653869812,-0.10067918831030326,0.619490479982483,-0.24639839628423205,-0.054369704838584804,-0.37000473136601353,False,D
FL,D,0.9134304638925193,0.9042193820267148,0.8904555494136639,0.866103693443379,0.8911027405500993,0.9386192656491374,1.0351498124122087,1.0603921830929062,1.0883172083895734,1.137683492864991,1.1394267609119906,1.1804314721915021,0.992576711455757,0.9875698841922623,0.9943869989185288,0.9835267885432993,0.9959366586501065,0.8854582486384093,0.9937148978435175,0.9915476267559181,0.9961541776227569,0.992857064080289,0.9981118373478486,0.9182837761344963,False,R
FL,D,0.9112198427076327,0.8545559653563825,0.9295884714931368,1.1359242567788141,0.8500722692517378,0.7211848090490287,1.0144390465096091,1.0349847096063594,1.0197904678142093,0.9498952352948292,1.0665052131099533,1.5282787265958357,0.9968058136509721,0.9652127325810297,0.7992156880832366,0.8774149379286162,0.678310898634297,0.16425353577917795,0.9929945056567425,0.9547658349183471,0.9869344285283811,0.8604099206429577,0.6202017858736876,0.3572747442861123,False,R
FL,D,1.275310157585861,0.9583881928737691,0.9232121349864005,0.919710091169038,0.9984260087233807,0.9233417683647026,0.9375055864049051,1.024970302147405,1.0560851485317948,1.0692241951590598,1.0176672984268555,1.288667925940834,0.9901206469050974,0.9222774609691932,0.9536879274697254,0.9958710710919002,0.9074203202797818,0.9577647366699822,0.9885557005257469,0.9009378473597206,0.9463469416121288,0.9933483964463944,0.7758640265065266,0.9905317191357026,False,R
FL,D,0.6916609899668612,0.681251144134207,0.7551113124731353,0.7347574711557975,0.769824654446767,0.7836372217914166,1.1666414961324694,1.263316048116121,1.2386027156293136,1.3313044860830139,1.3242063943359945,1.3866729851405397,0.9929524786422949,0.9791921983688636,0.9876962040772084,0.9968278413851113,0.9957389798491298,0.44959502205928914,0.9723345344011317,0.9971818440463456,0.9905852838888158,0.9773948279675484,0.9618054162123729,0.36368538336195144,False,R
FL,D,1.7266171318471124,1.470778434000205,1.3441571003749269,1.2020620875878243,1.168886358527807,1.100390562116187,0.7075451537606259,0.7176276623601151,0.7386137858562801,0.7845538724877903,0.7784415028745233,0.9971001201736143,0.9934090935642553,0.8918369173993672,0.9780057883569191,0.9963465460308617,0.9980704066422855,0.8924107727511719,0.9903944779327725,0.9448990401288292,0.9855698351677391,0.9733926872488381,0.9934200260864295,0.9971809669623755,False,D
FL,D,0.8755079609860792,0.9036258108198161,0.9080634835142859,0.919209894423134,0.8382083616982287,0.8474194647934802,1.0411093713151345,1.0435782878280133,1.0523304798421727,1.0583013224099478,1.1334067915202393,1.268710012317389,0.990139908425224,0.9403443448966551,0.7127474338366807,0.8329234561571165,0.8416255144383727,0.9118754950472483,0.9960496200966886,0.9624065077730068,0.7859189809701597,0.7437558950256704,0.9170026185500196,0.9844132644399086,False,R
GA,D,1.0588022893243827,1.0391441590553236,1.0171688730476214,1.0118981666955362,1.011249387823523,1.0298404214981782,0.9581257844192183,0.9291708369594346,0.916162464876995,0.893867181782849,0.8185053587285958,0.6161578227680073,0.9721051623870541,0.9706506798668023,0.9692272711607923,0.8399373123003229,0.9005416640152784,0.9306443606185826,0.9760510869804153,0.9749618264251865,0.9509654959100828,0.8262593745071999,0.8971007847428678,0.8258543307532542,False,D
GA,D,0.9712703378679276,0.8855288288718487,0.9225980486012588,0.9093372945360962,1.007244262421149,0.9671487921171149,1.0054503826407486,1.0334002100827404,1.0330706330083608,1.0562659824548835,0.9713064282266918,1.4994983285027874,0.8760372003204961,0.954371705889465,0.9565891715103682,0.9832985587315367,0.9762996452290013,0.9641723434871692,0.9697994564322381,0.9630712227309717,0.9284235441061974,0.9662486806599944,0.9850010274740046,0.9785247795265553,False,R
GA,D,0.9709512369012141,1.0301794657254804,1.013940769654486,0.9739243195400871,0.9941082614023142,0.9979104316376801,1.0039308372207212,0.9826183226442013,0.9894260646326898,1.025671889222578,1.0090840734790194,1.001097658733597,0.9718191477506,0.96914023899257,0.9540332721483481,0.8811937239765038,0.9787448104451048,0.9582481874365679,0.9447409376444661,0.9772723842029011,0.9755039106097264,0.8805933899769961,0.9693098936164499,0.8359532987183534,True,D
GA,D,1.0328833630774,1.0122668574363634,0.9807097633801953,1.0231546898715567,0.9887494281007112,0.9790652599692705,0.9949410090606688,0.9966349443421346,1.0133564674300108,0.9698405289364943,1.0709306025532976,1.5312256114160951,0.9599671387064183,0.9296092390942363,0.9608613548944968,0.9826720320622058,0.9707465976591007,0.9879498895343897,0.9807828412647098,0.9642856468792511,0.9602239890418867,0.9941738829334789,0.9484650167808871,0.9656943950616265,True,R
GA,D,1.0470410401163017,0.9605105831948761,0.9764945569765141,0.9673011850163825,0.9599419260178196,0.9728106567372025,0.997071878428708,1.0046195427289946,1.0051018223783688,1.0074356441428738,1.012290481167934,1.0056238507706163,0.9775790882218384,0.9238604368841261,0.9466226604823506,0.9352287413312086,0.9520582912469007,0.9306007093192243,0.9936889192831883,0.8980980317005245,0.9442395495144437,0.9552622452870257,0.982868836461518,0.9547383232257932,False,R
GA,D,1.0624199437323207,1.0008799433501432,1.0174313424734722,0.9990506055606213,1.0054792958453058,0.9972311752498622,0.9416599050210254,0.994202765345966,0.9385488359238418,1.0086390163191663,0.9116937110561476,1.061077959998544,0.9576988963333457,0.9664778623658283,0.8243263889175881,0.8776602026497405,0.9195418035894958,0.9384255573428023,0.9832401195329261,0.9613778836269151,0.7577102488188012,0.8421393580109797,0.8651912860610813,0.8161185882182838,False,D
GA,D,0.9643357568409752,0.9994547921892212,0.9310860360478308,0.9609049265448482,0.9931501304968399,0.9632294484687717,1.006651504015615,1.0000941784763029,1.0218863531655507,1.018630211154387,1.02079768947203,1.1326702983823247,0.9559081482837248,0.9668984622824273,0.9868396057937048,0.9947236292583861,0.9849074647444046,0.9496991418079094,0.9938220332983616,0.9671620377429158,0.9845340767473768,0.985899112265123,0.9855202229808081,0.869817759900032,False,R
GA,D,1.0667880264659926,1.057662684036734,0.9356870463086022,0.9102047393502761,0.9469039070093586,0.9844993853655886,0.9864361274671567,0.9831723408641458,1.0315122917617554,1.054830735130715,1.0466484480321752,1.0329707732543898,0.9050573468946569,0.9251819062605451,0.9667051558905102,0.8986595551397981,0.9786881499985196,0.9815783128658107,0.8118532732747793,0.8806489685394099,0.9899185772683718,0.8709898651215432,0.9635914783454144,0.963206924485512,False,R
GA,D,0.8836978928410766,0.9765117021099197,0.9360165262681696,0.9768213811848756,0.9496789713651913,0.9804066343380451,1.017602156804098,1.005272388954741,1.018800953046656,1.0082488966439072,1.028334146417135,1.0563196030138906,0.902157775465335,0.94373798215126,0.9846064893511581,0.9903440600624529,0.841466357886533,0.8469474842999618,0.9301009318118874,0.9852325574014346,0.9952790940146772,0.9920886716237217,0.8708975677145258,0.9667005657363559,False,R
GA,D,1.8328488795506683,1.2641286598954085,1.1785922753362232,1.1167655769573948,1.0244696304673397,1.0002956830670569,0.8807941568070368,0.9221143674909348,0.8902468339613901,0.8960521901999529,0.9535188883789127,1.0911187337991837,0.9716334802401454,0.9167300897233145,0.9924359768620287,0.9684357483860098,0.9889920697112943,0.9706852289784117,0.9937839225241085,0.9731330444393388,0.9916377110903165,0.995614488622598,0.9582697324034626,0.9639089180003608,True,D
GA,D,1.0792892947697361,1.0281651361701867,1.0791821469649592,0.97438037926626,0.9785293736711521,0.946893973004927,0.9931029732804216,0.9965850982698901,0.9867000199051272,1.0051369565578425,1.0062589986885178,1.0738405483212587,0.977409048363929,0.9806218088166644,0.9821781905704755,0.9973443427385414,0.938923653015272,0.9756616195403126,0.9895404670165018,0.9922848115362967,0.9971020191552076,0.9942718145330324,0.9626931174551626,0.9819985453309087,False,R
NC,D,1.1662657771743596,1.1032410784858118,1.0341162466097946,1.046535796276198,1.0254700485404753,1.0116614852858472,0.9701703708767875,0.9543316372377963,0.9683817098512666,0.9367452063784051,0.9384556644572465,0.896608347925498,0.9828815158371615,0.9838325788955581,0.8969243535319964,0.9844396018489922,0.9477041555727344,0.8599486215884588,0.9950237525650542,0.9828640213648496,0.952787623942617,0.9514972124571056,0.9901043742796668,0.8646399673072815,True,R
NC,D,1.0731768982609684,1.0456172761033815,1.0432328690733723,1.0295840939676142,1.0147480424716384,0.9943363245699894,0.9268934117567835,0.906275860603052,0.8835692322619382,0.8873869821934175,0.9130933948363485,1.0875809066318178,0.9873563636658027,0.9943002359508012,0.9803257003350215,0.9727885152831326,0.9936792713361231,0.9148497026260143,0.9879828369782868,0.9850735032743579,0.9899861305212982,0.919918242423026,0.9889610558666891,0.9569355389402703,False,D
NC,D,1.1725143622105223,1.0789039754672998,1.1143177377954798,1.0681937510205934,0.9634539436061746,1.0104389048500109,0.9755328824283988,0.9741448255396724,0.9463164139177601,0.9573358852384871,1.031739032413035,1.2376902840396293,0.6178523752798183,0.9562538831878822,0.714308270756721,-0.08330795987397557,0.3781051342964949,-0.1935569062929041,0.8114283193439358,0.9657201005599206,0.801674128685778,-0.05024023797549441,0.4493160828239865,0.01653934157627729,True,R
NC,D,1.112873329887943,1.051473924663669,1.023828329135195,1.0146893799001588,1.0191789144046157,0.9817707791800145,0.9786844096311296,0.9800419117914829,0.9882246640458573,0.9877790896912788,0.9826022585945922,1.075513455863325,0.9955648111690286,0.9869858295347167,0.9425341163915495,0.9558050698801644,0.9794172344578266,0.9132751872308372,0.9976369265487318,0.9951390332908828,0.9741899806028227,0.9828805068401251,0.9937696722660134,0.9908750429489941,False,R
NC,D,1.1529544121642772,1.0736239664324623,1.031910190879853,1.0305027036855676,1.0103217328793082,0.9965503047727934,0.9291037584925418,0.9300589215035063,0.9572024234559773,0.9370715731168889,0.9913760566994411,1.078211055042284,0.9557172559309577,0.9832203606650627,0.647624564568371,0.29827501927222294,0.6136624324571672,0.678743481716279,0.9363966148147895,0.9958008728207072,0.5481922983771222,0.6553754027669912,0.7902719923238006,0.8914699767579499,False,D
NC,D,1.2480967031763484,1.15124829764157,1.1314001135920129,1.1145955912894872,1.0830338099978802,1.0364319810441762,0.828705406282906,0.8291053411184485,0.8073683406239619,0.7798584212320342,0.7816849999945233,0.7926467371086537,0.7376044408903109,0.9398119681974904,0.5545843845215639,0.9785590253397356,0.9980415215303892,0.7788815662054539,0.6407141234896709,0.9454106035947769,0.5534785102942872,0.9692985209150686,0.9985642568863105,0.8580266724957284,False,D
NC,D,1.121605288298428,1.1113572438334371,1.0307471176553926,1.0096730614126168,1.0101992633144488,0.9883827254126978,0.9807417059292423,0.9700156434019765,0.9672980746733827,0.9788430255472055,0.9537929963729458,1.396139470593316,0.9919612674969637,0.9876459855206069,0.9477423013029459,0.9250415936951593,0.7561828563694682,0.817167993000818,0.9771303861338952,0.9531395759440956,0.9303317689779098,0.89712301655976,0.9475470230511671,0.9939517567095989,True,D
NC,D,1.2375341673579792,1.0616649452608078,1.193130612886119,1.1191370326178334,1.0589350307844858,1.0629142118283161,0.9609834996703723,0.9831433549603824,0.9321694849810144,0.9331463800689895,0.9530940954806612,0.804565583059745,0.9311986493567193,0.9848857462143131,0.3831497396974276,0.6450092853296271,0.5562062207406058,0.9192218143368527,0.9679399703751862,0.9826509196427425,0.5379259637275691,0.7887757437034532,0.5347480165028393,0.9633202928982109,False,R
NC,D,1.176397028274304,1.19129733464717,1.1603725748286005,1.1100654764342586,1.0689910859837142,1.1153508016632083,0.9650829791525116,0.9395385331194078,0.9347067493980122,0.9440506571518621,0.9539175132628042,0.8305104498050437,0.9495434595771064,0.7583932559043726,0.8905949387126684,0.9206320666637505,0.6507596003206838,0.578243847636481,0.960231990130613,0.8612347026817181,0.9250116170796829,0.9602009317878755,0.7166619611148616,0.7067027853322699,False,R
NC,D,1.0330299579710929,1.0487100356120158,1.0370953006849886,1.0439722638153481,1.0255932589084857,1.017695310633645,0.9859380382177275,0.9768127384583934,0.9772380200458819,0.9685737803259498,0.979887246115315,1.0114558846251147,0.8244687645176745,0.9318178421396077,0.9313181874417112,0.3165219670456731,0.9968528140674173,0.9966925222570916,0.9507969937545059,0.9558150598115867,0.8538706553546375,0.4795556563794865,0.999082305681881,0.9810992742156851,True,R
NC,D,1.1383479457489498,1.1293407160485807,1.154340691915331,1.150124892355977,1.111689405789594,1.0900905243820562,0.9512072596765583,0.9285088214014083,0.888466823192427,0.8623845751440958,0.882793788849212,0.8772101850822466,0.8295025320043721,0.9734819961957906,0.7696542603064462,0.927421366100615,0.619837681781799,0.9929724062270199,0.8648459267044645,0.9728699639040432,0.8476588229703521,0.9728376587862196,0.6846937789402363,0.9980578856577185,True,R
NC,D,1.1827082242657079,1.1161785316399129,1.0028480909912956,0.9447873653546809,0.9411101547755272,0.9708112452358787,0.9589896755566875,0.950756707572253,0.996151009656635,1.0624109934599153,1.094994080223936,1.139948327622561,0.9408928486631636,0.7634494547407512,0.48598654873882247,0.9904587241553914,0.5892983912926116,0.5555592898570275,0.9406051849265591,0.7136166853504133,0.524978777276239,0.9959174997496631,0.5084095252351745,0.9117291781389962,False,R
AR,D,1.1015273627309712,1.0150844636897667,0.8846085684565005,0.8261511120629749,0.8359893760250809,0.8945845419598166,0.9940397061286906,0.9978317100434623,1.0334605966007127,1.0665768370119786,1.102098456722967,1.3825918815278775,0.5468546435772413,0.7745218693960209,0.7484226049748725,0.7852982773582609,0.6963873897905803,0.9535635573745472,0.752927929826436,0.8451890212791767,0.6664812108085695,0.7017094272080167,0.39687452140627977,0.9229929912223037,False,R
AR,D,1.1489101858517563,1.0235185605679247,0.972500836326614,0.9196265642246894,0.8903459755767653,0.9889131191881355,0.9947911311766466,0.9975289234837207,1.0072695435704,1.0301146821710065,1.1152813873857967,1.3660987332847359,0.8991068818584586,0.7077664351011027,0.6948599116771527,0.8000279239073013,0.5951697007882965,0.8180839120629049,0.926277490011043,0.8444791539974869,0.6839715285555061,0.8085727015099079,0.6355544406910981,0.6748000224558952,False,R
AR,G,1.155563934805516,0.9513785414825203,0.8667955296900876,0.8345098125538278,0.8096992331353199,0.8383162870981135,0.9880507721295692,1.0097169176073935,1.0368686425960476,1.0630132663186218,1.1318091594266593,2.330830150294226,0.821586505984718,0.726782371715809,0.6229435827340768,0.6272368391889181,0.59759447380327,0.9195812591155844,0.9118056868366878,0.8162255213324193,0.6533898475733797,0.6377892691133554,0.4774978727014742,0.696809053989435,False,R
AR,D,1.348934104550996,0.903251882303772,0.8290183797291595,0.9181335509480354,0.896441296500822,0.9259553826409352,0.9624876556067257,1.019472200398643,1.0408779153345047,1.02805819361462,1.0541370981298686,1.1321699415879642,0.9704573650377737,0.9195877946905262,0.6693603353774525,0.8528822554127994,0.9901048663629155,0.936465644923689,0.9670622349253903,0.9007855076656,0.6346580258997055,0.875248847066483,0.9664922424471849,0.9294223487539185,False,R
AR,D,1.3068368417978242,1.2329189822347522,1.0791881943864852,1.12044269774759,1.0624591126613407,0.8983526606008984,0.954030747237389,0.9504395610115551,0.9794292373335345,0.9568106348124442,0.9698595351259841,1.0894031236235608,0.9073274982375352,-0.15282389181452757,0.2688386127485421,0.42709023870687596,-0.10958008205253547,0.03682459331078975,0.9845944962908578,0.06907697436840544,0.1695245384276981,0.25088970586209036,-0.12647409019506012,-0.46895520194272844,False,R
VA,D,0.9730265980793875,0.9780413560782365,0.988393065645336,1.0154624276086737,0.9707894545059393,0.9419471301813661,1.0381669976711407,1.036532921970654,1.0224971730798817,0.9666153507354742,1.0750596781417445,1.2322883354457537,0.8728529452038065,0.8017758054929286,0.5886187584276675,0.8245025169007221,0.8533387531757776,0.9921950534212176,0.9670106228650531,0.9507746245031766,0.8968022939924166,0.9343360753399539,0.9828286568539019,0.9939181038804047,False,D
VA,D,0.7980828357099331,0.8040470905984233,0.8505373542572678,0.8436976589671549,0.8194200156722962,0.838327226958953,1.089176678524055,1.1306862171600731,1.1216775076997751,1.1680272250520587,1.262507611025722,1.3974302182576266,0.9916522979852557,0.9398287306751225,0.9538368170674644,0.9508840399470803,0.6080362692595161,0.9610354441575061,0.9923265140911092,0.9645492121010496,0.9619972509745673,0.9805803873293184,0.746410985958032,0.9650888967241961,False,R
VA,S,1.1086861413355278,1.0229106259683645,1.0017068101869289,0.9905794599345557,0.9807724335929922,0.9555098186492607,0.9649264008011467,0.9873598764250647,0.9994361245218168,1.0085051598123116,1.0338047369642054,1.2995672588975278,0.8970808418226418,0.8935276045165333,0.8197844807121693,0.797076293859966,0.8904986896507208,0.8167789410881859,0.9126311894759613,0.9105471206144878,0.8164246489008165,0.8397486823903708,0.8706695367074391,0.822979296223367,True,D
VA,D,0.9805211292276808,0.9410900499781126,0.9481226188315748,0.9276298370268566,0.9267009621166309,0.8791447661920846,1.0225856018467114,1.0839970752981394,1.0822703420138262,1.1298526081809697,1.1546419368356278,1.3730991636536845,0.8844073252303009,0.8736279891492353,0.8499328109131379,0.8705143830558556,0.7418280410703866,0.7393949829128724,0.9789730307255815,0.9425213925136182,0.9669848689585508,0.8995062356531907,0.3979257029697265,0.9244287476912517,False,D
VA,D,0.7950500077714707,0.8835371230812241,0.893331256845325,0.8739249124867374,0.8681924084963805,0.8252903269309924,1.1203453925407176,1.0864203297871045,1.0959319025100736,1.1326651848055318,1.1571807061465773,1.2882414899538173,0.7478468948075268,0.49367238007204817,0.9399176528372303,0.9680276210916103,0.8790267878487833,0.9400304437930858,0.8280923427319052,0.6088623493088681,0.9651947061583219,0.9832399460263522,0.8855583828177519,0.9813967874918192,False,R
VA,D,0.7613973287136613,0.7265140412040488,0.722483139897868,0.8142179949310147,0.8436875856500132,0.8702638515491913,1.0814756161355155,1.1375390717358596,1.182374949910668,1.1729476896667022,1.202831304290667,1.3748946991513349,0.8612055325162121,0.9089209742111677,0.9192711512460436,0.836246156457178,0.8724885716014783,0.8246668976324403,0.9535833507615386,0.9152872483809498,0.9085634350928217,0.8599761650904877,0.8660658625727053,0.7648506132678846,False,R
VA,D,0.7051882341751972,0.7396201139712371,0.7794784312546471,0.7705062908572302,0.8630431321901948,0.8578575901707121,1.1069247184130822,1.1429910362012392,1.1680197887632717,1.2560718792366403,1.2611918498551755,3.017249201687809,0.9393178121419696,0.9645431997700028,0.9791257663419338,0.7017266577437615,0.6469831760053497,0.9690825745924349,0.967242094182649,0.9811026189118229,0.9890645298952476,0.8638216998142615,0.8532557103391459,0.9493363172055317,False,R
VA,D,0.7114576457031769,0.7797962474668825,0.8679996460055418,0.7959666109526577,0.7877148041142171,0.8100024918461755,1.1364976514843388,1.127204180219077,1.092756084021444,1.1737197815422538,1.2639426732558705,1.5844858817175074,0.8287076130567648,0.9722671506447146,0.8633086799955697,0.9337378419897917,0.7973713396291988,0.966055779665622,0.9684996584343722,0.9844295459350791,0.8829737579592867,0.9378423815948621,0.8554309904028624,0.9680728062015851,False,R
VA,D,0.9388270921305919,0.9354354267352457,0.8527741668222465,0.9110831757306225,0.9425208533466595,0.9263643851300096,1.0264700666606654,1.035833106539739,1.0951058200554793,1.0710186597571882,1.0631260331577148,1.1103648997845295,0.9043434885493536,0.8382063460596437,0.8628499167613394,0.8839536785893938,0.8340747449750945,0.9183726162759469,0.968848746369838,0.8049796265026377,0.9803548888994498,0.881178864116516,0.8909936071935429,0.9754763982394522,False,R
MN,D,1.1356236400081272,1.0115386727320461,1.0145583095768562,0.9614885654379567,0.9200308685122782,0.9211565734468581,0.9433343471994451,0.9928886993817844,0.9870104493765539,1.0493689338435124,1.130523579020025,1.2470725430832257,0.9694753426986655,0.9884594787610556,0.9892041975538729,0.9873645528658253,0.9838310922112135,0.9734976649569489,0.9849051929664455,0.9876737408261984,0.9775534946153205,0.9927826962018074,0.9827386147931033,0.9664541543402054,True,D
MN,D,0.7760297545028153,0.7874084805019769,0.8169875927270094,0.809160232308642,0.8305955616603047,0.8469805035433525,1.1257052526092022,1.1571872827975456,1.1697190828644584,1.2090058539491932,1.2142483613587831,1.2515084178409193,0.9911039921114048,0.9896746863263317,0.9622442271968303,0.9655213717862068,0.851571091130007,0.9660599833622363,0.9983548763685374,0.9962578812077193,0.9753911170349855,0.986205857776765,0.9416562675127637,0.9910444958693455,False,R
MN,D,0.6938992566807989,0.7439584126818131,0.7530240196515043,0.7800234212889544,0.7857360967706175,0.8153120989901271,1.1967825731390682,1.2229986709133769,1.2497167622320424,1.255905840327032,1.2845753403070233,1.3099664192541938,0.9558515791057196,0.954253872902259,0.9429475378282948,0.9237513554923774,0.8801130159143026,0.9323932526179619,0.9853073787580864,0.9616505214343725,0.9248617259233369,0.9007187217317121,0.927903754588216,0.9380970510060095,False,R
MN,S,1.2429284864790753,1.1319331975251046,1.095139663588659,1.070115095437098,1.0380058161069023,1.013566877300841,0.9026847646692506,0.9160357029324933,0.9224702846315059,0.9273679254431673,0.948743827439575,0.9785392364807448,0.9868848489534887,0.987039167240509,0.9822477665465852,0.9843864482564979,0.9853742674543535,0.9544353808761955,0.9888892348792733,0.9926842168256879,0.9889778045235628,0.9865175888859197,0.9875487528361716,0.9513422465391074,False,D
MN,G,1.0846930698706754,1.0343705101709726,1.0205572609683105,1.0007478623837893,1.001144030280967,0.9910697590072125,0.9659270318612403,0.9785251902991081,0.9835638424054696,0.99924765335779,0.9994315173464549,1.0594832242168788,0.9902366069036532,0.9905086326548903,0.9824481523773928,0.9831720378931862,0.9745871964387992,0.9529205392163406,0.9945014420921197,0.9935885290931413,0.9909445493981263,0.990182209819126,0.9849319103524772,0.9452243679481881,True,D
MN,D,0.968855496752987,0.9793430745207518,0.9798792167297307,1.0071409549953771,1.0142444030856117,0.983293907641953,1.0460416229899299,1.040172304712628,1.0460118578542779,0.9727533549946185,0.9296962644567012,1.2940227240465019,0.9656622305309258,0.9318232640225604,0.8007112225997655,0.7571364933729594,0.5839914995249,0.610735759502855,0.9788312045146689,0.9162741641728426,0.7930163171851099,0.7998227978145015,0.5708018939687398,0.6842104596120057,False,D
MN,D,1.0804095226783919,1.044784232066194,1.0428724387622677,1.0362652944008883,1.0013681210754057,0.9898118296347383,0.9305938917673802,0.9429703263832533,0.9293918997016412,0.910049889736945,0.9994003806612946,1.0929986658013842,0.9807575389951161,0.963423076766024,0.939279941218541,0.958154258169634,0.8986326871966522,0.8291718105908698,0.9825046249387492,0.9679053761841621,0.9633469667893921,0.9807008917074276,0.932408217104578,0.9606443011590812,False,D
MN,D,1.2927506280358498,1.1524618620602582,1.1240747809920784,1.0670674086389058,1.0914829815247284,1.036420453134259,0.8859420495836793,0.8971800231749054,0.8979495640026318,0.9362545088734838,0.893461700180545,0.9339189744376788,0.9765956669567999,0.9878859632315242,0.9908160608195608,0.9836138961709266,0.9827493119966235,0.9442975430460436,0.9923846668530889,0.9940259128818248,0.9938511630982941,0.9876651152624649,0.9925146397608493,0.9554505383848165,True,D
MN,D,1.0790560039302641,0.9546298121138976,0.9772467738087971,0.9614706123906158,0.9567657568684909,0.970975136438183,0.9711325435839469,1.0244611735491842,1.0145194492252776,1.0288806479537564,1.0407438321134606,1.0265289634495645,0.9746122579625829,0.9605326835793553,0.9783223064360878,0.96901818058056,0.890193676652356,0.8447907514079351,0.9961972641387022,0.9927766448076326,0.9880590350026596,0.9849873802564169,0.9569886211844325,0.8863504430651905,False,R
MN,D,1.6941361819130243,1.3906456584739944,1.3080546662708665,1.2616767924896668,1.206566961370956,1.079590869842465,0.7636331961631219,0.7854311877773918,0.7897486645166557,0.781946338200166,0.7793132387742973,0.8968156380668068,0.9633144577103914,0.9909472755788347,0.9877447888577433,0.9865491349594409,0.9821751495440301,0.936995716815477,0.9694984299639877,0.9931145807365718,0.9863422612844001,0.9848906612996127,0.9836503041127763,0.9485190082406649,True,D
CO,D,0.945522553627212,0.9232251028479599,0.958518578156054,0.9450568058498934,1.002437642651286,1.0011770985322952,1.0362727329308314,1.0675633411294858,1.051335819695874,1.0915612319492543,0.988626645443736,0.9907800455148805,0.7262578334755649,0.6417424168665744,0.34719854607902734,0.953222237948768,0.9086805783224031,0.9526429069283239,0.8472735784074134,0.6994844407140346,0.4022906914279349,0.9559289890116222,0.8873563285322685,0.9101481581629657,False,D
CO,D,0.7083554246918485,0.7316482446615072,0.7895383474008896,0.8350968593611791,0.8640471806858923,0.9085952881975867,1.089846489404163,1.1367781177599623,1.1609261371435375,1.1912198741996893,1.2678914614443948,1.3813953937981518,0.9290986566716986,0.890607800923705,0.9105941242496123,0.933741176708075,0.951609268827921,0.9756943742645137,0.943598295094098,0.9516370996771226,0.9601709209856197,0.9815299620314033,0.9735362570950521,0.9920501577384895,False,R
CO,S,0.8494466841211119,0.9053591526453744,0.9323303848907711,0.9456468803151832,0.9561687060743472,0.9732456776932057,1.0479103544649457,1.0585184833011276,1.0622827727998394,1.0747761915107827,1.0883529935750749,1.1547829870551427,0.9129569093893942,0.9099357948007963,0.8285653372336793,0.7804213773501812,0.8653030040112077,0.8961016547301447,0.9539438353567261,0.9488610515741324,0.9093029515926301,0.78360268548141,0.8628089940786545,0.9357226564047447,True,R
CO,D,1.2176399900326926,1.1392206617245664,1.1058733341923381,0.9888052738526479,0.9933979659825933,0.9616410414835592,0.9292728850070311,0.9399547131394435,0.9472878011607828,1.0077001496694193,1.0054144090722408,1.0624441300835772,0.9713935976967627,0.8713151469879206,0.9163533723044521,0.9551079816744208,0.9712839000810762,0.8860266124605677,0.9894957479451675,0.9189885587956729,0.9406324622124316,0.9886995212193996,0.9834557477968028,0.9858378630686769,False,R
CO,D,0.7356845418470627,0.7022936377793411,0.7611929649535492,0.7771491804667057,0.7767305137910776,0.85007315895526,1.0670787861210074,1.108622628489092,1.1204170706856178,1.1426364190590808,1.211028503429197,1.2656578764859017,0.889023768235292,0.838311961550065,0.9697407694521685,0.9528081023633903,0.9125786776261151,0.8612231216849031,0.9889341082137918,0.9106479800403662,0.9887816850064387,0.9802497597653996,0.9835860190917822,0.9411761299198916,False,R
CO,D,1.0174883949971065,1.0067988287746539,1.0081630368412835,0.9929486351298995,0.9834468378829927,0.9769161197932756,0.9834810650922894,0.989758852400554,0.9771507653243087,1.0260098226121375,1.0921010108981568,1.2514210696336385,0.9176616275568168,0.7785455315586886,0.8291421116810145,0.7035892040462822,0.8616110894653816,0.895240052071946,0.9452211486206743,0.8485354429796418,0.8417472506394932,0.6452427380543395,0.7833926897422521,0.8559587169510452,False,D
CO,D,0.9126939864244775,0.8827091801388608,0.8832142825932807,0.8595693168714726,0.876558642110819,0.8765842029495183,1.0545690361532387,1.090705358959933,1.1139534646316969,1.1663055797046087,1.213393451159377,1.4397372973390106,0.9825279013602632,0.9518058737474053,0.9539910477595076,0.96216285800077,0.956153455875951,0.9421845805044466,0.9884500282692409,0.9674813312245768,0.9717198234722028,0.963654510913797,0.9795879897789331,0.9647422111606506,True,R
CO,D,1.0721038055632333,1.0215956368988215,0.9776190593247843,0.9439037456985839,0.9088809120771776,0.8859457752859918,0.955208930206881,0.9786261594289433,1.029207056901754,1.0860021250278538,1.1599599226050505,1.291629893418785,0.7543818854993389,0.543944984293411,0.4939886692327981,0.6891479055122366,0.45998320063552,0.7276573057644896,0.7669775557339275,0.6003965305934837,0.483102843488257,0.7003876964445075,0.7365089087663084,0.6976847610151548,False,D
FL,D,1.0179163248699872,0.8137203723445068,0.8024617592740061,0.8036934488192958,0.8004807676264232,0.7932375677766595,1.0563018239979864,1.1046621301634136,1.1355045372653767,1.15622596165214,1.1884553676688812,1.3689423863802512,0.994283578495144,0.9762962168886268,0.9969044009662877,0.9857967979658895,0.9936914169586788,0.9964921818038471,0.997533583486336,0.9903137532823291,0.997332148689147,0.9925279306488254,0.9965651205352462,0.9979025230059796,False,R
FL,D,0.8822795592731176,0.9352795210341622,0.9103493113460015,0.8723375325006326,0.912771223237923,0.9263178326405963,1.0650774556894034,1.067352869531897,1.1299263102324641,1.233441971202697,1.2147459327185715,1.301116225664853,0.9885306294248443,0.9908007402945798,0.9484876278032309,0.996484459321206,0.987286218824479,0.975198551962957,0.9986928988470442,0.9926577592354289,0.9832958788025713,0.982707277998979,0.9866473304931773,0.9902896703538843,True,D
FL,D,1.436059027387392,1.1860761227331449,1.1556801973818325,1.0754641698342207,1.0739762977246872,1.0243377132870637,0.9161782722269449,0.9354638409343063,0.9168458330745773,0.9351278142767669,0.9131012507104243,0.9607817298197444,0.9893845244427816,0.9891876841843744,0.9661323419774819,0.8636814095974483,0.8526837916857625,0.9024725970350521,0.9962901738558162,0.9959011354569671,0.9904852040707448,0.8600744822053121,0.9242915212604039,0.9129058985657096,True,D
FL,D,0.8699159505251238,0.8521239052579502,0.9284445887266738,0.9384280488134731,0.9450348008727268,0.96069936340127,1.0285080862767566,1.0463294948527773,1.0398432933497863,1.0436876855957147,1.0639243210127474,1.3324025450742254,0.9906795919484322,0.9750800000685956,0.9397835560146064,0.957835229480523,0.9715231969971546,0.6817207618798308,0.9969772825077907,0.9901456517596713,0.9751936299548725,0.9950223667456591,0.9915947695363688,0.8321131117216809,False,R
FL,D,0.9051155763521679,0.8904951302914849,0.8461527101344231,0.8476884152620489,0.8223644040064799,0.8736034784286852,1.0384263049836158,1.0643290078477108,1.110912255970329,1.138369933070662,1.1862034565392077,1.2649968348827145,0.8690310906805153,0.8734186656458591,0.996408757993345,0.9771643525258751,0.9961483948973564,0.9837236764843029,0.8475032222585681,0.8932849285396798,0.9957595223005112,0.9939221190816598,0.9990436612906103,0.9988789604353673,False,R
FL,D,1.056700019229239,0.8972982326402648,0.9335799760631792,0.8863866194684753,0.8589764231253826,0.8329287886375146,0.99324294138911,1.0483986238455771,1.0389231004037758,1.0838519306247143,1.1282882553158886,2.093456589893317,0.9938501346641768,0.9849520477000824,0.9406576554322147,0.9322264336716343,0.8185555490054325,0.9765649865474405,0.9875800318996991,0.9782144037073222,0.8982563448027313,0.9164069752711823,0.7928518857298532,0.8564370762449504,False,R
FL,D,1.2792046335734186,1.1168337120487972,1.0443722710770216,0.9699132416392484,0.9670910347486025,0.8205029864418031,0.7394173115649839,0.8436311755341016,0.9335752995205543,1.0581005034308062,1.0742395747713098,3.331339465190735,0.3522221641312056,0.2951558128784837,0.15506066542361324,0.2595367121229743,0.12292658050363722,-0.07769423707323822,0.4639216212523041,0.44054955135012297,0.23441943514834493,0.31838968659176453,0.13225617183439523,-0.01606973622554074,False,D
FL,D,0.8741065134507189,0.9060863121545585,0.8616699313499067,0.8750279729790243,0.8416722987908825,0.8206964280222626,1.0566404587638798,1.0514838326524771,1.0875073332066616,1.0907697630304365,1.1396519265290155,1.3777964782756276,0.9491833608557028,0.9928465600593138,0.9869459715106076,0.9569050497427075,0.9911296422764744,0.9781299465757977,0.9836195626665355,0.9932771499448063,0.9886108621063578,0.9584906904348136,0.9769168804644187,0.9957332607060083,False,R
FL,D,0.8177082220907546,0.8439050714815803,0.8245781365257274,0.8375500253082934,0.8402821386923258,0.8710003671773934,1.075545590057979,1.0843667519949949,1.1134751264241132,1.1303310993936007,1.160525719632154,1.3181883337455405,0.979504988133818,0.9722462539001678,0.9869440617752154,0.9798900058108622,0.9527745897364596,0.9569934529011408,0.9976983999330178,0.9825926661273083,0.9982648425042322,0.9814559126570885,0.9624411727398775,0.9319908150271337,False,R
FL,D,1.524593993824858,1.1516226356236963,1.0793715435512035,1.0112909133105177,1.001070370664494,1.001375355541601,0.36380106122417155,0.70798558529748,0.8044077154211364,0.9011856417220532,1.007010253908644,0.8828743315247064,0.9784516805799488,-0.9631126721157806,0.9413901273927202,-1.0,-0.9999363097710585,0.739401038860337,0.9985910731058909,0.8482609377786342,0.25062267397483173,1.0,-0.9378242548798447,0.998697774971553,False,D
FL,D,0.9006150332811036,0.9312271313946874,0.9692398193450071,0.9273248919791784,0.9566185020674803,0.9695239478113186,1.0489339055882225,1.0890289263125645,1.0775030193049187,1.3601281200588313,1.3613232034111926,3.555570152970577,0.40431018324838897,0.7837999909040814,0.8281136632195282,0.9700266283021465,0.9781080060665929,0.9905252719474625,0.5222308799320924,0.6352814083001904,0.7448641139699083,0.9490679248190106,0.9261134609981126,0.8723897900499594,False,D
FL,D,1.865555064051051,1.2100538361695905,1.0415346270450894,0.9869502288567948,0.9639407005071821,0.9333684071564279,0.37782321820539944,0.5947381570894738,0.9021016137298962,1.0248623631353218,1.2778070789020186,5.2158332897089394,0.1045125624088388,-0.23230398175881273,0.292817069868543,-0.3485036517172262,0.0735759423835947,0.5698292421057829,0.07826071653869812,-0.10067918831030326,0.619490479982483,-0.24639839628423205,-0.054369704838584804,-0.37000473136601353,False,D
FL,D,0.9134304638925193,0.9042193820267148,0.8904555494136639,0.866103693443379,0.8911027405500993,0.9386192656491374,1.0351498124122087,1.0603921830929062,1.0883172083895734,1.137683492864991,1.1394267609119906,1.1804314721915021,0.992576711455757,0.9875698841922623,0.9943869989185288,0.9835267885432993,0.9959366586501065,0.8854582486384093,0.9937148978435175,0.9915476267559181,0.9961541776227569,0.992857064080289,0.9981118373478486,0.9182837761344963,False,R
FL,D,0.9112198427076327,0.8545559653563825,0.9295884714931368,1.1359242567788141,0.8500722692517378,0.7211848090490287,1.0144390465096091,1.0349847096063594,1.0197904678142093,0.9498952352948292,1.0665052131099533,1.5282787265958357,0.9968058136509721,0.9652127325810297,0.7992156880832366,0.8774149379286162,0.678310898634297,0.16425353577917795,0.9929945056567425,0.9547658349183471,0.9869344285283811,0.8604099206429577,0.6202017858736876,0.3572747442861123,False,R
FL,D,1.275310157585861,0.9583881928737691,0.9232121349864005,0.919710091169038,0.9984260087233807,0.9233417683647026,0.9375055864049051,1.024970302147405,1.0560851485317948,1.0692241951590598,1.0176672984268555,1.288667925940834,0.9901206469050974,0.9222774609691932,0.9536879274697254,0.9958710710919002,0.9074203202797818,0.9577647366699822,0.9885557005257469,0.9009378473597206,0.9463469416121288,0.9933483964463944,0.7758640265065266,0.9905317191357026,False,R
FL,D,0.6916609899668612,0.681251144134207,0.7551113124731353,0.7347574711557975,0.769824654446767,0.7836372217914166,1.1666414961324694,1.263316048116121,1.2386027156293136,1.3313044860830139,1.3242063943359945,1.3866729851405397,0.9929524786422949,0.9791921983688636,0.9876962040772084,0.9968278413851113,0.9957389798491298,0.44959502205928914,0.9723345344011317,0.9971818440463456,0.9905852838888158,0.9773948279675484,0.9618054162123729,0.36368538336195144,False,R
FL,D,1.7266171318471124,1.470778434000205,1.3441571003749269,1.2020620875878243,1.168886358527807,1.100390562116187,0.7075451537606259,0.7176276623601151,0.7386137858562801,0.7845538724877903,0.7784415028745233,0.9971001201736143,0.9934090935642553,0.8918369173993672,0.9780057883569191,0.9963465460308617,0.9980704066422855,0.8924107727511719,0.9903944779327725,0.9448990401288292,0.9855698351677391,0.9733926872488381,0.9934200260864295,0.9971809669623755,False,D
FL,D,0.8755079609860792,0.9036258108198161,0.9080634835142859,0.919209894423134,0.8382083616982287,0.8474194647934802,1.0411093713151345,1.0435782878280133,1.0523304798421727,1.0583013224099478,1.1334067915202393,1.268710012317389,0.990139908425224,0.9403443448966551,0.7127474338366807,0.8329234561571165,0.8416255144383727,0.9118754950472483,0.9960496200966886,0.9624065077730068,0.7859189809701597,0.7437558950256704,0.9170026185500196,0.9844132644399086,False,R
GA,D,1.0588022893243827,1.0391441590553236,1.0171688730476214,1.0118981666955362,1.011249387823523,1.0298404214981782,0.9581257844192183,0.9291708369594346,0.916162464876995,0.893867181782849,0.8185053587285958,0.6161578227680073,0.9721051623870541,0.9706506798668023,0.9692272711607923,0.8399373123003229,0.9005416640152784,0.9306443606185826,0.9760510869804153,0.9749618264251865,0.9509654959100828,0.8262593745071999,0.8971007847428678,0.8258543307532542,False,D
GA,D,0.9712703378679276,0.8855288288718487,0.9225980486012588,0.9093372945360962,1.007244262421149,0.9671487921171149,1.0054503826407486,1.0334002100827404,1.0330706330083608,1.0562659824548835,0.9713064282266918,1.4994983285027874,0.8760372003204961,0.954371705889465,0.9565891715103682,0.9832985587315367,0.9762996452290013,0.9641723434871692,0.9697994564322381,0.9630712227309717,0.9284235441061974,0.9662486806599944,0.9850010274740046,0.9785247795265553,False,R
GA,D,0.9709512369012141,1.0301794657254804,1.013940769654486,0.9739243195400871,0.9941082614023142,0.9979104316376801,1.0039308372207212,0.9826183226442013,0.9894260646326898,1.025671889222578,1.0090840734790194,1.001097658733597,0.9718191477506,0.96914023899257,0.9540332721483481,0.8811937239765038,0.9787448104451048,0.9582481874365679,0.9447409376444661,0.9772723842029011,0.9755039106097264,0.8805933899769961,0.9693098936164499,0.8359532987183534,True,D
GA,D,1.0328833630774,1.0122668574363634,0.9807097633801953,1.0231546898715567,0.9887494281007112,0.9790652599692705,0.9949410090606688,0.9966349443421346,1.0133564674300108,0.9698405289364943,1.0709306025532976,1.5312256114160951,0.9599671387064183,0.9296092390942363,0.9608613548944968,0.9826720320622058,0.9707465976591007,0.9879498895343897,0.9807828412647098,0.9642856468792511,0.9602239890418867,0.9941738829334789,0.9484650167808871,0.9656943950616265,True,R
GA,D,1.0470410401163017,0.9605105831948761,0.9764945569765141,0.9673011850163825,0.9599419260178196,0.9728106567372025,0.997071878428708,1.0046195427289946,1.0051018223783688,1.0074356441428738,1.012290481167934,1.0056238507706163,0.9775790882218384,0.9238604368841261,0.9466226604823506,0.9352287413312086,0.9520582912469007,0.9306007093192243,0.9936889192831883,0.8980980317005245,0.9442395495144437,0.9552622452870257,0.982868836461518,0.9547383232257932,False,R
GA,D,1.0624199437323207,1.0008799433501432,1.0174313424734722,0.9990506055606213,1.0054792958453058,0.9972311752498622,0.9416599050210254,0.994202765345966,0.9385488359238418,1.0086390163191663,0.9116937110561476,1.061077959998544,0.9576988963333457,0.9664778623658283,0.8243263889175881,0.8776602026497405,0.9195418035894958,0.9384255573428023,0.9832401195329261,0.9613778836269151,0.7577102488188012,0.8421393580109797,0.8651912860610813,0.8161185882182838,False,D
GA,D,0.9643357568409752,0.9994547921892212,0.9310860360478308,0.9609049265448482,0.9931501304968399,0.9632294484687717,1.006651504015615,1.0000941784763029,1.0218863531655507,1.018630211154387,1.02079768947203,1.1326702983823247,0.9559081482837248,0.9668984622824273,0.9868396057937048,0.9947236292583861,0.9849074647444046,0.9496991418079094,0.9938220332983616,0.9671620377429158,0.9845340767473768,0.985899112265123,0.9855202229808081,0.869817759900032,False,R
GA,D,1.0667880264659926,1.057662684036734,0.9356870463086022,0.9102047393502761,0.9469039070093586,0.9844993853655886,0.9864361274671567,0.9831723408641458,1.0315122917617554,1.054830735130715,1.0466484480321752,1.0329707732543898,0.9050573468946569,0.9251819062605451,0.9667051558905102,0.8986595551397981,0.9786881499985196,0.9815783128658107,0.8118532732747793,0.8806489685394099,0.9899185772683718,0.8709898651215432,0.9635914783454144,0.963206924485512,False,R
GA,D,0.8836978928410766,0.9765117021099197,0.9360165262681696,0.9768213811848756,0.9496789713651913,0.9804066343380451,1.017602156804098,1.005272388954741,1.018800953046656,1.0082488966439072,1.028334146417135,1.0563196030138906,0.902157775465335,0.94373798215126,0.9846064893511581,0.9903440600624529,0.841466357886533,0.8469474842999618,0.9301009318118874,0.9852325574014346,0.9952790940146772,0.9920886716237217,0.8708975677145258,0.9667005657363559,False,R
GA,D,1.8328488795506683,1.2641286598954085,1.1785922753362232,1.1167655769573948,1.0244696304673397,1.0002956830670569,0.8807941568070368,0.9221143674909348,0.8902468339613901,0.8960521901999529,0.9535188883789127,1.0911187337991837,0.9716334802401454,0.9167300897233145,0.9924359768620287,0.9684357483860098,0.9889920697112943,0.9706852289784117,0.9937839225241085,0.9731330444393388,0.9916377110903165,0.995614488622598,0.9582697324034626,0.9639089180003608,True,D
GA,D,1.0792892947697361,1.0281651361701867,1.0791821469649592,0.97438037926626,0.9785293736711521,0.946893973004927,0.9931029732804216,0.9965850982698901,0.9867000199051272,1.0051369565578425,1.0062589986885178,1.0738405483212587,0.977409048363929,0.9806218088166644,0.9821781905704755,0.9973443427385414,0.938923653015272,0.9756616195403126,0.9895404670165018,0.9922848115362967,0.9971020191552076,0.9942718145330324,0.9626931174551626,0.9819985453309087,False,R
NC,D,1.1662657771743596,1.1032410784858118,1.0341162466097946,1.046535796276198,1.0254700485404753,1.0116614852858472,0.9701703708767875,0.9543316372377963,0.9683817098512666,0.9367452063784051,0.9384556644572465,0.896608347925498,0.9828815158371615,0.9838325788955581,0.8969243535319964,0.9844396018489922,0.9477041555727344,0.8599486215884588,0.9950237525650542,0.9828640213648496,0.952787623942617,0.9514972124571056,0.9901043742796668,0.8646399673072815,True,R
NC,D,1.0731768982609684,1.0456172761033815,1.0432328690733723,1.0295840939676142,1.0147480424716384,0.9943363245699894,0.9268934117567835,0.906275860603052,0.8835692322619382,0.8873869821934175,0.9130933948363485,1.0875809066318178,0.9873563636658027,0.9943002359508012,0.9803257003350215,0.9727885152831326,0.9936792713361231,0.9148497026260143,0.9879828369782868,0.9850735032743579,0.9899861305212982,0.919918242423026,0.9889610558666891,0.9569355389402703,False,D
NC,D,1.1725143622105223,1.0789039754672998,1.1143177377954798,1.0681937510205934,0.9634539436061746,1.0104389048500109,0.9755328824283988,0.9741448255396724,0.9463164139177601,0.9573358852384871,1.031739032413035,1.2376902840396293,0.6178523752798183,0.9562538831878822,0.714308270756721,-0.08330795987397557,0.3781051342964949,-0.1935569062929041,0.8114283193439358,0.9657201005599206,0.801674128685778,-0.05024023797549441,0.4493160828239865,0.01653934157627729,True,R
NC,D,1.112873329887943,1.051473924663669,1.023828329135195,1.0146893799001588,1.0191789144046157,0.9817707791800145,0.9786844096311296,0.9800419117914829,0.9882246640458573,0.9877790896912788,0.9826022585945922,1.075513455863325,0.9955648111690286,0.9869858295347167,0.9425341163915495,0.9558050698801644,0.9794172344578266,0.9132751872308372,0.9976369265487318,0.9951390332908828,0.9741899806028227,0.9828805068401251,0.9937696722660134,0.9908750429489941,False,R
NC,D,1.1529544121642772,1.0736239664324623,1.031910190879853,1.0305027036855676,1.0103217328793082,0.9965503047727934,0.9291037584925418,0.9300589215035063,0.9572024234559773,0.9370715731168889,0.9913760566994411,1.078211055042284,0.9557172559309577,0.9832203606650627,0.647624564568371,0.29827501927222294,0.6136624324571672,0.678743481716279,0.9363966148147895,0.9958008728207072,0.5481922983771222,0.6553754027669912,0.7902719923238006,0.8914699767579499,False,D
NC,D,1.2480967031763484,1.15124829764157,1.1314001135920129,1.1145955912894872,1.0830338099978802,1.0364319810441762,0.828705406282906,0.8291053411184485,0.8073683406239619,0.7798584212320342,0.7816849999945233,0.7926467371086537,0.7376044408903109,0.9398119681974904,0.5545843845215639,0.9785590253397356,0.9980415215303892,0.7788815662054539,0.6407141234896709,0.9454106035947769,0.5534785102942872,0.9692985209150686,0.9985642568863105,0.8580266724957284,False,D
NC,D,1.121605288298428,1.1113572438334371,1.0307471176553926,1.0096730614126168,1.0101992633144488,0.9883827254126978,0.9807417059292423,0.9700156434019765,0.9672980746733827,0.9788430255472055,0.9537929963729458,1.396139470593316,0.9919612674969637,0.9876459855206069,0.9477423013029459,0.9250415936951593,0.7561828563694682,0.817167993000818,0.9771303861338952,0.9531395759440956,0.9303317689779098,0.89712301655976,0.9475470230511671,0.9939517567095989,True,D
NC,D,1.2375341673579792,1.0616649452608078,1.193130612886119,1.1191370326178334,1.0589350307844858,1.0629142118283161,0.9609834996703723,0.9831433549603824,0.9321694849810144,0.9331463800689895,0.9530940954806612,0.804565583059745,0.9311986493567193,0.9848857462143131,0.3831497396974276,0.6450092853296271,0.5562062207406058,0.9192218143368527,0.9679399703751862,0.9826509196427425,0.5379259637275691,0.7887757437034532,0.5347480165028393,0.9633202928982109,False,R
NC,D,1.176397028274304,1.19129733464717,1.1603725748286005,1.1100654764342586,1.0689910859837142,1.1153508016632083,0.9650829791525116,0.9395385331194078,0.9347067493980122,0.9440506571518621,0.9539175132628042,0.8305104498050437,0.9495434595771064,0.7583932559043726,0.8905949387126684,0.9206320666637505,0.6507596003206838,0.578243847636481,0.960231990130613,0.8612347026817181,0.9250116170796829,0.9602009317878755,0.7166619611148616,0.7067027853322699,False,R
NC,D,1.0330299579710929,1.0487100356120158,1.0370953006849886,1.0439722638153481,1.0255932589084857,1.017695310633645,0.9859380382177275,0.9768127384583934,0.9772380200458819,0.9685737803259498,0.979887246115315,1.0114558846251147,0.8244687645176745,0.9318178421396077,0.9313181874417112,0.3165219670456731,0.9968528140674173,0.9966925222570916,0.9507969937545059,0.9558150598115867,0.8538706553546375,0.4795556563794865,0.999082305681881,0.9810992742156851,True,R
NC,D,1.1383479457489498,1.1293407160485807,1.154340691915331,1.150124892355977,1.111689405789594,1.0900905243820562,0.9512072596765583,0.9285088214014083,0.888466823192427,0.8623845751440958,0.882793788849212,0.8772101850822466,0.8295025320043721,0.9734819961957906,0.7696542603064462,0.927421366100615,0.619837681781799,0.9929724062270199,0.8648459267044645,0.9728699639040432,0.8476588229703521,0.9728376587862196,0.6846937789402363,0.9980578856577185,True,R
NC,D,1.1827082242657079,1.1161785316399129,1.0028480909912956,0.9447873653546809,0.9411101547755272,0.9708112452358787,0.9589896755566875,0.950756707572253,0.996151009656635,1.0624109934599153,1.094994080223936,1.139948327622561,0.9408928486631636,0.7634494547407512,0.48598654873882247,0.9904587241553914,0.5892983912926116,0.5555592898570275,0.9406051849265591,0.7136166853504133,0.524978777276239,0.9959174997496631,0.5084095252351745,0.9117291781389962,False,R
AR,D,1.1015273627309712,1.0150844636897667,0.8846085684565005,0.8261511120629749,0.8359893760250809,0.8945845419598166,0.9940397061286906,0.9978317100434623,1.0334605966007127,1.0665768370119786,1.102098456722967,1.3825918815278775,0.5468546435772413,0.7745218693960209,0.7484226049748725,0.7852982773582609,0.6963873897905803,0.9535635573745472,0.752927929826436,0.8451890212791767,0.6664812108085695,0.7017094272080167,0.39687452140627977,0.9229929912223037,False,R
AR,D,1.1489101858517563,1.0235185605679247,0.972500836326614,0.9196265642246894,0.8903459755767653,0.9889131191881355,0.9947911311766466,0.9975289234837207,1.0072695435704,1.0301146821710065,1.1152813873857967,1.3660987332847359,0.8991068818584586,0.7077664351011027,0.6948599116771527,0.8000279239073013,0.5951697007882965,0.8180839120629049,0.926277490011043,0.8444791539974869,0.6839715285555061,0.8085727015099079,0.6355544406910981,0.6748000224558952,False,R
AR,G,1.155563934805516,0.9513785414825203,0.8667955296900876,0.8345098125538278,0.8096992331353199,0.8383162870981135,0.9880507721295692,1.0097169176073935,1.0368686425960476,1.0630132663186218,1.1318091594266593,2.330830150294226,0.821586505984718,0.726782371715809,0.6229435827340768,0.6272368391889181,0.59759447380327,0.9195812591155844,0.9118056868366878,0.8162255213324193,0.6533898475733797,0.6377892691133554,0.4774978727014742,0.696809053989435,False,R
AR,D,1.348934104550996,0.903251882303772,0.8290183797291595,0.9181335509480354,0.896441296500822,0.9259553826409352,0.9624876556067257,1.019472200398643,1.0408779153345047,1.02805819361462,1.0541370981298686,1.1321699415879642,0.9704573650377737,0.9195877946905262,0.6693603353774525,0.8528822554127994,0.9901048663629155,0.936465644923689,0.9670622349253903,0.9007855076656,0.6346580258997055,0.875248847066483,0.9664922424471849,0.9294223487539185,False,R
AR,D,1.3068368417978242,1.2329189822347522,1.0791881943864852,1.12044269774759,1.0624591126613407,0.8983526606008984,0.954030747237389,0.9504395610115551,0.9794292373335345,0.9568106348124442,0.9698595351259841,1.0894031236235608,0.9073274982375352,-0.15282389181452757,0.2688386127485421,0.42709023870687596,-0.10958008205253547,0.03682459331078975,0.9845944962908578,0.06907697436840544,0.1695245384276981,0.25088970586209036,-0.12647409019506012,-0.46895520194272844,False,R
VA,D,0.9924327568416578,1.0481583977744977,1.014867596695882,1.0121882660176924,1.0472093181488193,0.9957160365336547,1.0210588870182724,0.9253282860467438,0.9784358267652458,0.9710261355723249,0.8804967980059227,1.0202203405244328,-0.44974681775873654,1.0,0.9343078885929912,1.0,1.0,-0.9997941645510326,-0.1645087133328199,1.0,0.9964444073828851,1.0,1.0,0.40720462184779393,False,D
VA,D,0.8162100418089505,0.8562693495391293,0.7767977624945063,0.7747733181307204,0.8743320979771091,0.9096442173178714,1.0894040377624241,1.0839335083105537,1.1705825862452128,1.2324906705657135,1.235267381180773,1.5536932482333121,0.9989420147091322,0.9933507151136429,0.8366767872777168,1.0,0.9998849935861236,0.8032557759216099,0.9910118590896841,0.9999979719449182,0.14726361668318502,1.0,0.9976949345490685,0.9988245970202736,False,R
VA,S,1.0439692756649412,1.0193428187855587,0.9925281208322837,1.0068328704038814,0.9811215171808737,0.9529099167677465,0.9847089430039743,0.9883757724982127,1.0040422616579112,0.9851727965048653,1.0343814415444808,1.2498255828510463,0.9366682191814301,0.8964159476956689,0.8327464137953478,0.7427713815719975,0.8286020033698986,0.9354475775059147,0.9634220928126034,0.876294034065219,0.8632756402961326,0.7407176035235775,0.825655340236735,0.955094795505808,True,D
VA,D,0.9683124378419828,1.1270825710452494,0.9070438694216654,0.9470181649435102,0.8777801855530649,0.9399671307348877,1.0416893019722766,0.8276821799221634,1.143236564550556,1.0908785494215119,1.2353899142013276,1.1220791431682418,0.9956073608061877,1.0,1.0,1.0,1.0,0.500928793710301,0.9999837099556929,1.0,1.0,1.0,1.0,0.999279859224495,False,D
VA,D,0.8139505920943865,0.9721747468076938,0.8886886625617096,0.8258090770348824,0.8138462221039955,0.8082838474988411,1.0925974857431824,1.0226299791779923,1.111224110305796,1.183348255915608,1.220725793900181,1.327391788583326,0.9651619320166327,0.9862980826332187,1.0,0.9539341412091,-1.0,0.9874476438998478,0.6615866930913739,0.9989866615986356,1.0,0.99984483640304,-1.0,0.9433707766004994,False,R
VA,D,0.7302227372847033,0.7329315575422671,0.7574242029031771,0.7067504430757265,0.8431385389621721,0.9100067856181756,1.0876248340666406,1.1352348682528537,1.1443122379381168,1.2254599467981842,1.1739428416120175,1.1950500788277172,0.9827298569662817,0.9870103775798227,0.9904494306353682,0.9725292747243395,0.742490204699609,0.9008835263490295,0.9926550547697223,0.9965688267723736,0.9987325695163336,0.9419658186817901,0.8329277039436416,0.44712164510712743,False,R
VA,D,0.6311357390390132,0.6613784600653616,0.7196022763191883,0.7154432406586393,0.8354125359707729,0.8314209899751397,1.148384457929905,1.1964637695389047,1.263876262254373,1.3551073109699567,1.3353438345646464,2.027394269431742,0.9630067419742027,0.9743980738495753,0.801625054299535,0.9749612450125448,0.9995375134835024,0.9976626684053094,0.9991826669341723,0.9913292450283138,0.9696857466072333,0.9648260301302267,0.9998097961867066,0.5727343940594591,False,R
VA,D,0.5693017397640503,0.6947818241226851,0.7036953528152032,0.7578572169215532,0.8176696501539753,0.7014054699191954,1.152929012377243,1.1620348570981036,1.1814270139633247,1.1873168719474931,1.1778800269795766,1.6194258852303922,0.9930579041924489,0.9900150275015128,0.9641882054882782,0.9311157280683681,0.9848789394132588,0.9759963847552066,0.9963016812724108,0.9989749070520041,0.9974395907283081,0.8302526653847861,0.998011561565451,0.9749361928761359,False,R
VA,D,0.8455921589402278,0.917591562867826,0.9465369758105482,0.9387175214450728,0.8656867400591485,0.9222192895593915,1.067699917812768,1.0548198476528055,1.0378772905709068,1.051416024612341,1.134108120378396,1.089485490612609,0.9813785462044265,0.9430432451422719,0.911451386189404,0.9737623597294122,0.9974465978923776,0.9964882178652116,0.9971559840872362,0.9870078469245974,0.9205853928943216,0.9655568896175302,0.9283866110701746,0.9978742907573107,False,R
MN,D,1.0760710409458536,1.0167803154252213,1.0214720078540025,0.971104894134757,1.001932964999832,0.8522866339181822,0.9815345527216122,0.9876499431901886,0.9841629212982875,1.034134126249716,0.991481442207421,1.3645201863109777,0.998793635827946,0.9954605058351065,0.9918366438068817,0.9918057313938259,0.9920463597688273,0.9348625392045445,0.9941931803573603,0.9883231473077027,0.9972684005002219,0.9727405917485403,0.9990668355312456,0.9750524254276026,True,D
MN,D,0.7213814147436621,0.7543925736004959,0.7693353280366431,0.8348835426036917,0.842945724957134,0.8312303755384803,1.123920912270796,1.1630651398695746,1.192452237821679,1.1738009215821952,1.1866198377027195,1.285195030784351,0.9952877076466737,0.9915692261486251,0.98177548574285,0.8622249972816901,0.9735805217161012,0.9677393935606787,0.9999762164096512,0.9985294051189704,0.9927930140957402,0.9816830783465919,0.9831429785525688,0.9930080768012308,False,R
MN,D,0.7156234895641421,0.7794859840541878,0.6802677388666364,0.7242934382573231,0.796391761107454,0.8061684942331504,1.1607145031577693,1.1913219864732987,1.3009022413469988,1.2873412357813074,1.2553748495002837,1.3642150737409109,0.9974880038995849,0.8835194658289052,0.9759712101051458,0.9951349238206855,0.9735658784640997,0.7218676442110947,0.9992911816581516,0.8362168839768611,0.9692040927487494,0.9985638712144818,0.9424433093662953,0.9485520080683025,False,R
MN,S,1.2978674660799479,1.1228820368289703,1.079515633669479,1.0937744901683755,1.0262248047860438,1.00668587599821,0.8860008807413814,0.9240887378720216,0.9352365436278247,0.9007742799638158,0.9628374351541289,1.0194739837897455,0.9873923878475799,0.9938082115065326,0.9849895208218685,0.9907918794401663,0.975404191662049,0.9466032575814358,0.9952819777237718,0.9953332751082179,0.9928800439379477,0.9900267945024199,0.9754366684727349,0.976428756431491,False,D
MN,G,1.1157200091717243,1.0173564950273497,1.042494136852138,1.0168263916762323,0.9983173226628292,1.0010931877607256,0.9571070359839605,0.9883166788880663,0.9648308666138036,0.983431727877745,1.0024685918148621,1.0186445741754038,0.9820454531873625,0.984636268612344,0.9799925756017888,0.9836612617028263,0.9743277064498379,0.9493441991879817,0.9954347930807315,0.989481991859903,0.9851114573699301,0.9875069874124902,0.9754739385519448,0.9713828843155475,True,D
MN,D,0.988113672720099,0.9704133660428121,0.9791774835990733,1.0124539295116908,0.997210986579777,0.9927843767571358,1.018304396310985,1.056762681865635,1.0467696457264533,0.9539884930163265,1.0154596922995882,1.1157394306672415,0.8882882282519067,0.9942837497413751,0.9771825898521439,0.9677973595780828,0.3686290601607098,0.5065686763445342,0.948952003842154,0.9905091710855733,0.9997962669706842,0.9980633166480029,0.9105047614245692,0.9556445652510063,False,D
MN,D,1.1326466866221592,1.0329556066076089,1.0557849237481458,1.0325486815119531,1.0254745537507162,0.993772251792747,0.877854230033929,0.9627357754354186,0.9251879439858305,0.9215769357275184,0.9265049316296833,1.0425560011706883,0.9977309913927412,0.9800557394838333,0.9961903566312217,0.9577693261589839,0.9992924764090072,0.9737848838919895,0.9711014000136866,0.9903551121064748,0.9887776866025525,0.9400437843945437,0.9759253348589958,0.9959045083733751,False,D
MN,D,1.2565712362593688,1.1839440488192936,1.1664956492765728,1.0541659936519152,1.0763237104948953,1.0604731146637614,0.8974784826301031,0.8924469855268353,0.8699931926275513,0.9490930393861816,0.9183351009794123,0.9140894541595156,0.9456683938327012,0.9802876882807107,0.9930855886378577,0.9881787676705719,0.989063225679534,0.975558301897484,0.9639411828046491,0.9935353089413953,0.9983988937545232,0.9898651479839338,0.9817122325011113,0.953313583300893,True,D
MN,D,0.9011499667410942,0.9699410079058363,0.9454502344584353,0.9416527528608953,0.9252346561632335,1.0299936160571002,1.0476919638597528,1.016259643393149,1.0325015023298387,1.0383965070231664,1.0559623488058099,0.9624098610657104,0.996782055660855,0.9648860755055306,0.9536763494458693,0.9930784517389234,0.8678882111404099,0.9085196487949093,0.9991870325591139,0.9914592187623056,0.9717138124935377,0.9973493992611052,0.919228593471748,0.970598397669952,False,R
MN,D,1.669295935183589,1.3568313484891337,1.2755995144786894,1.1875395913569637,1.177440699590216,1.0314407398581358,0.7247341770552889,0.7771462772854739,0.7905021167895487,0.8240919875651674,0.786162397844608,0.9308703880374067,0.9737136392659226,0.9867013531182062,0.962795138386295,0.9979531442469036,0.9944141509326746,0.9936556103828184,0.978647003320905,0.9987055558591583,0.9787461439829152,0.987468299135148,0.9902393108359983,0.992106775070291,True,D
CO,D,0.9615408927335589,0.8935915696913486,0.9484722404182666,1.0076220741539224,1.0028357262611967,0.9870409512796467,1.0352819737272023,1.1089922778839436,1.0717822200575202,0.9805738940453727,0.995203015814302,1.0557931379490415,0.6733439456529807,0.7295400053295708,0.9065098121579566,0.8528139177941528,0.11198681848376155,0.969273252644198,0.8249151710608444,0.5218062752501623,0.9898731637510433,0.7793008810052386,0.05236816190955864,0.7753967590794159,False,D
CO,D,0.6135914937547803,0.771193805770226,0.8035335984623382,0.8296039982620864,0.8806116729994639,0.9104827192063892,1.1027244099700029,1.0953836133182997,1.144974137010374,1.234836385777331,1.2267619733135207,1.3805171609586893,0.9679422180692195,0.8327250670708696,0.9836522115059227,0.9570400530721228,0.9838883237469674,0.9724701028053019,0.9950337455664119,0.9604376800720681,0.9882919471048531,0.961708989295494,0.9879559213111252,0.9855842932105916,False,R
CO,S,0.8587806978497986,0.915091025681317,0.9242905580054751,0.9323962609467104,0.948263008505192,0.9818364588998341,1.0480789649653641,1.0544217860473493,1.0694904201397042,1.0935063624106036,1.1096339289665873,1.0885648270150399,0.9129740486793138,0.8304966733292123,0.9028754618789813,0.9096322211000064,0.8535494558033656,0.8708116192180638,0.9543442545757187,0.9528537662438757,0.9834951266802806,0.9539375638702097,0.7971356344846686,0.92100136374422,True,R
CO,D,1.1571393977556328,1.2505996090130842,1.142291879834798,0.9768188382434211,0.935304719916443,0.9878096172894157,0.9460666334656223,0.8992105976478721,0.9303361554976508,1.0128529736623475,1.0445017845406306,1.0107992358125304,0.9886224104428198,0.9652491938167121,0.623962328706806,0.9220967970132068,0.9986220232520994,0.9687159837165584,0.9880030096907738,0.9886005624084899,0.6071889601637531,0.9940477226601123,0.992862474424718,0.9929659506678357,False,R
CO,D,0.779815267782333,0.6896967303759854,0.7939975895860985,0.774651992131494,0.8327088444556806,0.8516132775342377,1.0571257097183657,1.1159197557455227,1.1012904275931763,1.1340850344356697,1.1344992203929538,1.1965531016888595,0.7234153877958672,0.9717601571674347,0.9886582623501207,0.9759924007676818,0.9531761374895475,0.8128337806276117,0.7899305369775619,0.9818664566847439,0.9969690057468642,0.976630904363976,0.9813352533441685,0.9874363479995647,False,R
CO,D,0.9946596731725273,1.0222367068001632,0.9853951577796355,0.9990411300767637,0.9882557022525159,0.9798986890195912,1.005448391889501,0.9566017267299285,1.0382566508139879,0.9986141108443852,1.0736963976450513,1.2719429926218997,0.9138260085401605,0.8838088581462361,0.8520124813346622,0.8947448249879423,0.9151619238493816,0.7706384949940238,0.9643564311065396,0.9398317434148664,0.9595449083262348,0.9804141089260144,0.9627285252112681,0.6399390974515213,False,D
CO,D,0.810673773911708,0.9042663549640592,0.882433403006924,0.8873055015542782,0.8281978154501989,0.8892472778789385,1.1099618278471484,1.0703580137739397,1.1035975438514705,1.1151095097397925,1.206464354282631,1.3141989047174554,0.9800034534901888,0.9885097767065054,0.9782161368169009,0.9228246500378535,0.9819093384274341,0.9036192082941741,0.97678195806633,0.9954007893992058,0.9856048819073141,0.8503343518687946,0.993851373037236,0.9841032046720728,False,R
CO,D,0.9886103891990639,0.9811320311971375,0.9386355292888748,0.9156840042261004,0.950091826011497,0.9029396309845508,1.0073522286858803,1.0221922994540011,1.0750606932684466,1.119229536832408,1.0831214182939382,1.2497205891189145,0.7251943865403888,0.7865299120777207,0.42811055442194224,0.881020569446914,0.491222158574362,0.055821620573604555,0.7859649772595665,0.48423237640846684,0.504186180756771,0.9600658563132255,0.33448022185868137,0.8213358460168998,True,D
FL,D,0.8427217228427448,0.798377556349398,0.8133924752892222,0.747685100887253,0.8172413788070209,0.8535559710199889,1.0750326630080809,1.1261407760410174,1.1306896625787226,1.1915666165461871,1.166426339253139,1.5223071391156933,0.9386872493114372,0.8124362032639947,0.9951473513892548,0.998287762111774,0.9902159050150975,0.9994023261507076,0.9921729647244422,0.9322023199088292,0.9995217719740165,0.9998733724027857,0.9909232630213832,0.9995176699354407,False,R
FL,D,0.9258469879825227,0.9021910207035154,0.8943696567342534,0.8943035822425633,0.9111913025724421,0.928870694950236,1.0618790653650847,1.1238267445195427,1.1592131705897315,1.1886968345117706,1.1761224126063716,1.238610004350629,0.9597421420092139,1.0,1.0,1.0,1.0,0.988421410869802,0.959944535910803,1.0,1.0,1.0,1.0,0.9980596391597382,True,D
FL,D,1.3885998161518744,1.2064701133095388,1.1457847438698312,1.1006694217017667,1.0326416030600165,1.0414938389962196,0.9202838449275605,0.941900794927548,0.8522188022102928,0.87448552134164,0.9306946807709149,0.8226330141707653,0.9991252169273444,0.9525550160367136,0.9717258932800678,0.9919747948887765,0.7611681770891002,0.9970656584143666,0.9980621194036564,0.9999166112007378,0.9808810743618142,0.9997093143714987,0.792281520351808,0.9955742759449886,True,D
FL,D,0.8760164441656969,0.9098263476111571,0.8779003845009209,0.8703929370146885,0.9624495555234281,0.9432823892742345,1.0266500785950181,1.0245249515354902,1.0630506615321063,1.0880509782825163,1.0342948785794792,1.0905347594635177,0.9972893438811997,0.14676691503672523,0.991506013647727,0.9262305537636524,0.9970615299208766,-0.15463676101507134,0.9998675393234947,0.9959393998304995,0.9997135420397293,0.9789078921601355,0.9986681892734525,0.8140304160539333,False,R
FL,D,0.8909890474575323,0.794131120345497,0.8011553283625489,0.762734551527655,0.7886782376502003,0.7463407023648576,1.0769281050904662,1.178766460657434,1.18124139778174,1.2382837551181491,1.2238755304101838,1.2787912217119666,-1.0,,-1.0,,,1.0,-1.0,,1.0,,,-1.0,False,R
FL,D,1.0025251155404544,0.8887378793619516,0.976120117801015,0.9797142136265435,0.8497934591861367,0.8556160386640012,0.998189583257818,1.0563294145115816,1.0165459216453687,1.0127149789319798,1.1168549211286334,1.1727283458398092,0.9986370688657251,0.9991488629172707,0.8963183384719686,0.9159410090227084,-0.4405753933146126,0.46387220387230693,0.9988145257615325,0.9914161971568551,0.8002320943422648,0.9501225040809813,0.6567393743723865,0.5187234947456155,False,R
FL,D,1.1482343566776567,1.0021639037671262,1.0736381589832038,1.0433606454334212,0.9121718286532309,0.8220672876795745,0.8426625494938736,0.9956785095780356,0.8981765845467967,0.9285975645418605,1.1602227748859184,1.6190234520666333,0.7642746282061197,-0.04875957039212536,-0.9931223925069037,1.0,-0.17055263329907788,0.6602041956642504,0.9810036469324747,0.34254068116294695,0.09452075171657967,1.0,-0.4309055901467999,0.9914684610448596,False,D
FL,D,0.7884651061434833,0.8575861747030474,0.8616123596079155,0.7877880055569588,0.8599165307268861,0.8383179659020215,1.0728698095219504,1.0716804968641709,1.0890587786933956,1.1565178623819712,1.1119768102920833,1.297211355671692,0.9991897365313721,0.9959883295275296,0.9995669857568356,1.0,0.9996991741828046,0.9963005477236707,0.9961375844046517,0.997889477824022,0.9663601255222808,1.0,0.9998372332975755,0.9999343374952959,False,R
FL,D,0.8535814519362784,0.8141837080976886,0.8695118119420294,0.8544816486320361,0.8870423837404628,0.8307633475160575,1.0791112778982044,1.121642431665825,1.1105858382369365,1.142388629720823,1.1591288938600384,1.3523620121830768,0.960462594304688,1.0,0.8907165132119064,1.0,1.0,0.9995085688780456,0.9924926166870716,1.0,0.9998920475348096,1.0,1.0,0.9999169684979098,False,R
FL,D,0.9637046401137825,1.0214946520108266,1.001846861062895,1.0220658263305322,0.9882903033770857,0.7423109747180526,1.086126378348368,0.8131430819513376,0.981388098426515,0.7548241518829754,1.148653606280725,5.214206674995538,1.0,,,,,,1.0,,,,,,False,D
FL,D,0.92542323340439,0.8726898132948735,0.8456617711095663,1.1872339951804043,0.8689385397906116,0.9620233885924533,1.0373593717451375,1.1084863275051315,1.253280849003117,0.526837568183197,1.671089010465727,1.4016145635007575,0.9990907040965612,0.995225564742816,0.8481225214130618,1.0,0.9889868760992522,0.991004807925081,0.9999991139001158,0.9980109464602113,0.8249827787386783,1.0,0.9010550591217439,0.9992248081280309,False,D
FL,D,2.0688368554686893,1.2640950669684579,1.0332055294833344,0.9264884817186699,0.8685310175658034,0.9810885159615953,0.06377547587105709,0.44915103825791963,0.9499848124620438,1.3185414746921327,1.8888616803670233,2.165914241413561,0.01216021143404023,-0.9996952091685642,1.0,-0.45633349898271147,-1.0,0.9209416575378415,-0.2583676518935123,0.4881008337087325,1.0,-0.9282524460221113,-1.0,0.6898442078025319,False,D
FL,D,0.9375512188058781,0.9391719166535926,0.8733603091051669,0.8088317652329748,0.8424850950546916,0.8862252090799869,1.0342422779438674,1.0516294824289454,1.1340907774885742,1.214227438182503,1.2139693771061189,1.3492096718342412,1.0,1.0,1.0,,1.0,1.0,1.0,1.0,1.0,,1.0,1.0,False,R
FL,D,0.8983474463538571,0.885227488072242,1.2021540470775387,0.7928152567358507,1.229307151809293,0.6365806939419812,1.016045356044738,1.0245904893386188,0.9420340304927445,1.065694405972289,0.8883247291107815,1.3288603687891518,0.8344682180864594,0.7098591669485143,0.9894367813170103,0.9942273836727746,0.6131893541265697,0.7790100170269177,0.999276306327905,0.9997772555454516,0.9732064158964868,0.9999901868516013,0.9999773849885115,0.8087106503134465,False,R
FL,D,1.110217539116658,0.890142168259197,0.9187815858817738,0.9682732832652027,0.7820197044334974,0.9483624244521478,0.9840989237194766,1.0591199208150588,1.063405172984934,1.0293874196483608,1.2544343381697742,1.4915695614614375,1.0,,,,,1.0,1.0,,,,,1.0,True,R
FL,D,0.6906765685405898,0.6902730939628381,0.7180012199645045,0.6696826909158473,0.6825517498596122,0.6907583230579531,1.2716004814721864,1.3054251434533124,1.2933164568262177,1.4634408797710847,1.49103065140586,1.5511978021978023,1.0,,,,,,1.0,,,,,,False,R
FL,D,1.8014678446741335,1.5517218150578345,1.4259997618690328,1.2564194537564692,1.183360201015674,1.1776416821351585,0.6402917901775269,0.6557363878309597,0.7042377848686808,0.7305264649613831,0.8038950316491558,0.7370335799573453,1.0,,1.0,,,1.0,1.0,,1.0,,,1.0,False,D
FL,D,0.9168568157678509,0.8261807546626055,0.8853853981796768,0.8755910013435098,0.8854051607756505,0.856384167065916,1.0402741948813847,1.0992812818908804,1.073867016671131,1.0929182945835736,1.0892843269087107,1.1738719769653274,1.0,,1.0,,,1.0,1.0,,1.0,,,1.0,False,R
GA,D,1.017716980099637,1.0206586939718867,1.0091284460413998,1.030660945951559,0.9814286008049562,1.046472088967792,0.9937070665446427,0.969588343603055,0.9840961647463202,0.9392169793044188,1.1887586330139825,0.8098625355550171,0.9930004200575653,1.0,1.0,1.0,-1.0,0.9999841789783688,0.982378901108534,1.0,1.0,1.0,-1.0,0.9988445981121534,False,D
GA,D,0.9198045513263249,0.9165065413618197,0.8864062002353944,0.952559482626874,0.9139339146754462,0.9915277301111816,1.0106067987975138,1.02792081548497,1.0416748565321632,1.022679972473469,1.0993073209521058,1.1523235639383556,0.9832002977327913,0.996934818069723,0.9775238492917797,0.999383847351549,0.9987661458213722,0.9936817043745764,0.996371032338007,0.956533500618049,0.9925231516751848,0.9871770272550338,0.9906493588042176,0.8112922874768448,False,R
GA,D,1.06362678346275,1.0121406724874393,1.0169689891004818,0.9637241571674914,0.9714863752739604,0.98558257146227,0.9680579930025418,0.9890733753735722,0.9905201824681394,1.029541414697538,1.0393289221026345,1.0336699684736927,0.8483190435461997,0.9998637907885232,0.9992298972183253,0.9599295234041066,0.9997873750658106,0.9919037374578922,0.9883677487455436,0.9948159743300351,0.9835998403334271,0.8775544690768471,0.998906107238672,0.9579885863159546,False,D
GA,D,1.2378467440487901,1.1343051565418787,0.9790679450322516,0.9890215862233938,0.9504274488284102,0.989391667034138,0.9804262547819095,0.9800926680932235,1.0064574204399102,0.9985970002037674,1.0641918181588352,1.390103737074897,0.911776066792196,0.9472202349728193,0.9973273165421497,1.0,0.9992647434684679,0.9954566186780333,0.9140736271487434,0.9598262748163716,0.9997703666678746,1.0,0.9942379418712177,0.8791494119686706,False,R
GA,D,1.3321869670818045,1.1772547195082406,1.061694765592141,1.0068603529751716,1.1028308001375628,0.9053610483452422,0.9711080724082359,0.9785241154812495,0.9902066092245638,1.0012295207222843,0.9804103179233754,1.030771121425252,1.0,1.0,1.0,1.0,1.0,1.0,1.0,1.0,1.0,1.0,1.0,1.0,False,R
GA,D,1.0851243699369266,1.034619712507723,0.9888464762188803,1.0004644393337867,1.0035565406613491,0.9735828299210626,0.9331943685348948,0.9549002324394221,1.1002440223886074,0.9710542132700464,0.9554423350161433,1.574280127761736,0.3882075550035186,1.0,0.9986731670934282,1.0,1.0,0.9094857102844035,0.9918466462345409,1.0,0.9999671142509254,1.0,1.0,0.9762210399274297,False,D
GA,D,1.0238038304444415,1.0349554357956439,0.9461535040369755,0.9830641539018152,0.9969352625078424,0.9732630178529065,0.9972318399403295,0.9946686192212636,1.0369351651482208,1.0088099418869758,0.9859038801598521,1.0396409016784878,0.9947386745504906,0.9989343450820193,0.9963264938500195,1.0,0.9993827233160825,0.9957022189612279,0.987690674236968,0.9994842724301277,0.9991719472145708,1.0,0.9981917609116462,0.9969359200367077,False,R
GA,D,1.0896836266191556,1.1146721062274714,1.0360741470047878,0.9852182949842436,0.7815185254239001,0.8506596533686573,0.9826296514654463,0.9564851077940666,0.9847655276948868,1.0096424234684593,1.1403898160612589,1.1216296322626644,0.9845657784223774,1.0,1.0,1.0,-1.0,1.0,0.853453494876992,1.0,1.0,1.0,1.0,-1.0,False,R
GA,D,1.025371074122387,0.8988810015161045,1.0073010204092414,0.8209596236758233,0.945059898830634,0.9056768952451382,0.9970990904502427,1.0224223524698612,0.9975902429342421,1.0910076443996761,1.0266883126054112,1.1811846474746333,0.9906733382909145,1.0,0.9946533363938345,1.0,1.0,0.9999992485860667,0.9928138845178599,1.0,0.9970221430714429,1.0,1.0,0.9999848962641711,False,R
GA,D,1.2669299099694928,1.1231603122317608,1.194937759801194,1.0216657436287881,0.9816655280515835,0.9638078668910008,0.9367813713884632,0.9075330257004709,0.7677886592430898,1.014744429521098,1.1031890760954262,2.9466772942281594,0.9467792657281769,0.3711537444790452,0.9905438983593576,0.9961869025377457,0.6762019470528813,0.9974757312783683,0.9517949982301669,0.6769261626334153,0.9972729626570391,0.9943789136236888,0.99063727550562,0.9758403972072238,False,D
GA,D,1.1586014422491404,0.9867605215738362,1.0918319496741218,0.9747973575708069,1.0574600084860988,1.0111494404157397,0.9798587969541924,1.0020512528257062,0.9824464753783821,1.011928587990501,0.9802481560944751,0.9997795317809294,-0.8134683922257974,-1.0,1.0,1.0,1.0,1.0,0.974496370351652,1.0,1.0,1.0,1.0,1.0,False,R
NC,D,1.141602687606025,1.1654374452949272,1.1194013391524398,1.0468535923990745,1.0227838635105175,0.9899232626397472,0.9645382893440393,0.9437899019408024,0.9426967103286747,0.9587305560163673,0.9668602275389505,0.9881242108481798,0.9953831864100376,0.9967816448127628,0.9209071720695601,0.9944021821327964,0.9992832142146327,0.9493570636873215,0.9559565504526482,0.989826091506847,0.9432502449895929,0.9932695057232989,0.9998163456546396,0.9997982108733762,False,R
NC,D,1.0436437875432683,1.0730645071786904,1.0398041347397322,1.0304156095599186,1.0036638049421385,0.9896844582310228,0.9472615463223168,0.8752655026809288,0.8939487912246488,0.9124592279322948,0.9864844448627873,1.123701261676668,0.9930073287361063,1.0,0.9546775142528001,1.0,-1.0,0.9853366206697057,0.6844744553577491,1.0,0.9532359016871935,1.0,1.0,0.9971558364640234,False,D
NC,D,1.3212839805872039,1.141714647931608,0.9713317724842371,0.921003626210638,1.023619123169738,1.0033294189023862,0.9501083671325444,0.9538066146428293,1.0189130695827309,1.0669481110513932,0.9635114359107458,1.0016735009982651,-0.035008767696728095,0.9430489340622935,0.99926926905004,1.0,-0.9063030266884747,0.48258087486560697,0.9683234384005943,0.9646725421489959,0.99267677843238,1.0,0.9515226272389842,0.873179026119573,False,R
NC,D,1.092188967154763,1.0230896878110896,1.0151121840890593,0.9500200594206549,1.0266274595733678,0.9647216400486481,0.9837969538358909,0.9913988530477437,0.9932366629640532,1.0424034744375512,0.9710126414511886,1.050384347084184,0.9977025001663685,1.0,1.0,1.0,1.0,0.9976503299979907,0.9953064554258253,1.0,1.0,1.0,1.0,0.9976228005491112,False,R
NC,D,1.0110810900561016,1.0619041021456663,1.059502102957833,1.0808607685871037,1.0042736536250947,1.0171618646202027,0.9870927345706781,0.9233855160159787,0.8863997607810183,0.8381668853043367,0.987682638989533,0.97770518859815,,1.0,-1.0,1.0,1.0,1.0,-1.0,-1.0,1.0,1.0,1.0,1.0,False,D
NC,D,1.261571519136166,1.1445843434238625,1.1856665998419897,1.0729112344670682,1.0432057590984718,0.9802415712027206,0.8333834594239389,0.8515345159789306,0.751255200114029,0.8585456085901423,0.867268960614135,1.2894737765466702,0.9988251098444333,0.9811770375939508,-0.8929278382713406,0.9999948452551674,0.9338571781264836,0.9999990484891201,0.8786938391222692,0.670413353133429,-0.9847146013076403,0.9999999984086715,0.9973873164400606,0.9999636379393961,False,D
NC,D,1.2295918367346939,1.175957058456218,1.266995299782185,1.0135763413679548,0.9971886930548138,0.9914088859431945,0.9780844155844156,0.9736547810827916,0.90377126566196,0.9757379736797556,1.0364878048780488,1.470900439238653,,,,,,,,,,,,,False,D
NC,D,1.2589479197184001,1.3551573729783897,1.1294769704729752,1.2126126515216955,1.1572306401483403,1.0850813917986795,0.9556657361531344,0.9177768849473482,0.9667513192721193,0.9151766996536652,0.9255765292594328,0.8263428918552671,1.0,1.0,1.0,,1.0,1.0,1.0,1.0,1.0,,1.0,1.0,False,R
NC,D,1.1589249453570383,1.2334780694575922,1.132880044061714,1.2391585250632229,1.0909502016918209,1.112793731522602,0.9666301965017272,0.9230450475158587,0.9499285648484713,0.8831964514850547,0.9410461400561922,0.8584194389919994,0.9997372802720914,0.7908860050712573,0.47272597538177513,0.9768313366008653,0.6921441611162472,0.9754642618210498,0.9734269097375798,0.9081607934774022,0.6990384169546334,0.9561466172141788,0.4759930661914376,0.9819706544992716,True,R
NC,D,1.254797608446367,1.0451732085764849,1.0444425237729769,1.0421932974860613,0.9941908616243691,0.9557651157586997,0.9270596328002003,0.9810442898420462,0.9687514255125491,0.9639478502644786,1.0052947429989803,1.0382141564241738,1.0,1.0,1.0,,-1.0,-1.0,1.0,1.0,1.0,,,1.0,False,R
NC,D,0.9001316672932085,1.2318316853007452,1.1344099819739113,1.0824059601958944,1.0263698630136986,1.0720930549268037,1.0425277256610186,0.8611896304198142,0.8662008982612025,0.9062029294906007,0.9689766317485898,0.9072762419086643,1.0,,1.0,,,-1.0,1.0,,1.0,,,-1.0,True,R
NC,D,1.3207041952225929,1.1258691132688035,1.128288922298821,1.0397050465538706,0.8912860272716359,0.905266919295649,0.9258427883577681,0.9441036938858313,0.9106649226284464,0.9756385661965297,1.1558837682417384,1.2040800137733696,0.9449551745062339,-1.0,-1.0,1.0,1.0,0.9555246058687923,0.9991010276618081,1.0,1.0,1.0,-1.0,0.8052300858955417,False,R
AR,D,0.8434754137774814,0.8745778470497744,0.8284741959951587,0.7941128458246649,0.8305058224859863,0.9233887187165181,1.023501101802634,1.0269005234516664,1.0456328054908641,1.0729882396612496,1.1512067929889074,2.1732670812130768,0.9153537119210605,0.9325862579259605,0.7763128022762169,0.6794403370512451,0.8607556814840089,0.9039741445873585,0.9063110718945588,0.9833190672436509,0.7233595448478463,0.41586416882616967,0.9351745573190077,0.24672051378067011,False,R
AR,D,1.3224019544196313,1.1894089717160765,0.8921374517171443,0.9395463050183909,0.9156203770818426,0.889644929589461,0.9939551876058753,0.9613671977896566,1.039831771459833,1.0272597334866689,1.0683317325998847,1.5396026745277502,0.6890168456777204,0.7603635018041639,0.3286546301238716,0.9601667455831346,0.723002707382577,0.44283695440227727,0.9423161703556014,0.9034691990564032,0.24070296952604078,0.9389540131201118,0.743042573279976,0.591892618414687,False,R
AR,G,1.129893115273133,0.9700152576171055,0.9446959623068345,0.8772500715147262,0.8011406002341329,0.8986932007063677,0.9865530459418367,1.0073996775449434,1.0154845189804775,1.0517231072421427,1.190439637416686,2.631818138426834,0.8228673217062873,0.8271187434638586,0.30987700294705817,0.7011577186594993,0.6871397069202781,0.9550312201076119,0.8989594492113483,0.8412701411578418,0.34481560219452984,0.7544538572070142,0.6305899515974793,0.9397948321851595,False,R
AR,D,0.935908985908986,0.9888010540184453,0.5637090773809523,0.7657982120051084,0.7434340996840997,1.0324292368132546,1.031498101868454,1.004063909146579,1.1105226173071565,1.0722140354324263,1.1148146097563054,0.9643279330663717,0.9030691359752289,0.7946599991401468,1.0,0.720576692122892,1.0,0.978243873152,0.9935472003534891,0.9430645267512293,1.0,0.19635383360058228,1.0,0.9846702799848607,False,R
AR,D,1.5286170825863947,1.3530008096405601,1.2864601992185267,1.0498160827961736,0.9312515439786714,1.0584673479234419,0.9275544434861093,0.9351885313725401,0.912956610751641,0.9729375541241168,1.040107436041515,0.9695993499600641,0.7501247049447551,0.0706213794062655,-0.44549020864480976,-0.6290354641013939,1.0,0.963166605163839,0.9633088587787397,-0.0382784079500039,-0.6063453315907019,-0.21694323408777458,1.0,0.9503205581265097,False,R
