STATE,COUNTY,PRECINCT,CLINTON,TRUMP
MN,7,5,65,146
MN,7,10,42,144
MN,7,15,58,102
MN,7,20,59,95
MN,7,25,21,72
MN,7,30,48,86
MN,7,35,198,439
MN,7,40,544,826
MN,7,45,147,250
MN,7,50,86,164
MN,7,55,134,244
MN,7,60,102,168
MN,7,65,527,608
MN,7,70,144,252
MN,7,75,175,359
MN,7,80,26,75
MN,7,85,49,135
MN,7,90,71,161
MN,7,95,223,360
MN,7,100,306,219
MN,7,105,109,74
MN,7,106,397,327
MN,7,110,245,94
MN,7,115,341,262
MN,7,120,505,433
MN,7,125,481,325
MN,7,130,578,545
MN,7,135,864,797
MN,7,140,736,367
MN,7,142,690,490
MN,7,145,797,655
MN,7,150,324,311
MN,7,155,414,361
MN,7,160,843,767
MN,7,165,1556,1114
MN,7,170,615,793
MN,7,175,121,122
MN,7,195,43,83
MN,7,197,375,487
MN,7,200,306,489
MN,7,205,50,98
MN,7,210,39,125
MN,7,212,4,3
MN,7,213,0,1
MN,7,215,29,69
MN,7,220,12,91
MN,7,225,246,412
MN,7,230,133,229
MN,7,235,50,98
MN,7,240,107,76
MN,7,245,275,423
MN,7,250,46,87
MN,7,255,37,83
MN,7,260,35,71
MN,8,5,30,133
MN,8,10,19,100
MN,8,15,16,133
MN,8,20,3,11
MN,8,25,39,129
MN,8,30,101,347
MN,8,35,22,117
MN,8,40,13,20
MN,8,45,60,91
MN,8,50,33,250
MN,8,55,54,98
MN,8,60,23,144
MN,8,65,46,89
MN,8,70,96,313
MN,8,75,21,68
MN,8,80,246,428
MN,8,85,341,525
MN,8,90,296,463
MN,8,95,246,433
MN,8,100,431,670
MN,8,105,265,474
MN,8,110,303,586
MN,8,115,317,587
MN,8,120,11,125
MN,8,125,11,143
MN,8,130,50,153
MN,8,135,194,453
MN,8,140,197,700
MN,8,145,131,328
MN,8,150,125,352
MN,8,155,11,164
MN,8,160,12,81
MN,17,20,12,53
MN,17,25,26,135
MN,17,30,1,4
MN,17,40,9,52
MN,17,45,6,54
MN,17,65,32,112
MN,17,70,37,113
MN,17,75,249,590
MN,17,85,17,99
MN,17,95,17,79
MN,20,5,43,133
MN,20,7,0,0
MN,20,10,99,268
MN,20,15,50,121
MN,20,20,58,151
MN,20,25,86,226
MN,20,30,261,541
MN,20,32,77,182
MN,20,35,27,110
MN,20,40,221,309
MN,20,45,68,180
MN,20,50,77,154
MN,20,51,768,1368
MN,20,52,182,361
MN,20,55,192,388
MN,20,60,349,666
MN,20,65,121,281
MN,20,70,11,84
MN,20,75,116,244
MN,20,80,115,350
MN,20,85,119,244
MN,20,90,62,166
MN,22,5,36,101
MN,22,10,188,292
MN,22,15,198,354
MN,22,20,125,297
MN,22,25,58,158
MN,22,30,64,91
MN,22,35,26,91
MN,22,40,33,116
MN,22,45,23,55
MN,22,50,36,122
MN,22,55,24,108
MN,22,60,35,73
MN,22,65,65,150
MN,22,70,30,80
MN,22,75,20,107
MN,22,80,40,111
MN,22,85,30,62
MN,22,90,41,84
MN,22,95,141,104
MN,22,100,49,76
MN,22,105,23,64
MN,22,110,105,214
MN,22,115,21,73
MN,22,120,11,70
MN,22,125,20,79
MN,22,130,14,63
MN,22,135,35,75
MN,22,140,51,157
MN,22,145,24,84
MN,22,150,9,19
MN,22,155,383,635
MN,22,160,174,415
MN,22,165,21,79
MN,23,5,62,75
MN,23,10,53,129
MN,23,15,41,96
MN,23,20,53,137
MN,23,25,52,81
MN,23,30,57,93
MN,23,35,59,82
MN,23,40,56,109
MN,23,45,85,118
MN,23,50,317,432
MN,23,55,114,183
MN,23,60,59,196
MN,23,65,53,153
MN,23,70,70,128
MN,23,75,52,117
MN,23,80,233,281
MN,23,85,60,102
MN,23,90,60,84
MN,23,95,47,157
MN,23,100,271,173
MN,23,105,165,152
MN,23,110,75,130
MN,23,115,84,91
MN,23,120,35,68
MN,23,125,47,71
MN,23,130,76,113
MN,23,135,46,45
MN,23,140,279,332
MN,23,150,45,93
MN,23,155,335,524
MN,23,160,161,314
MN,23,165,366,750
MN,23,175,94,192
MN,23,180,76,188
MN,23,185,23,15
MN,23,190,61,154
MN,23,195,50,113
MN,24,5,853,1017
MN,24,15,515,594
MN,24,25,671,832
MN,24,35,661,835
MN,24,45,490,434
MN,24,50,467,604
MN,24,60,142,211
MN,24,61,2,8
MN,24,65,119,203
MN,24,70,51,117
MN,24,75,200,361
MN,24,80,75,161
MN,24,85,51,117
MN,24,90,101,209
MN,24,95,32,42
MN,24,100,76,102
MN,24,105,43,95
MN,24,110,43,89
MN,24,115,96,166
MN,24,120,90,191
MN,24,125,74,160
MN,24,130,135,192
MN,24,135,44,128
MN,24,140,46,104
MN,24,145,50,75
MN,24,150,63,154
MN,24,155,31,114
MN,24,160,49,110
MN,24,165,9,15
MN,24,170,88,143
MN,24,175,53,79
MN,24,180,111,205
MN,24,185,11,8
MN,24,190,57,156
MN,24,195,79,105
MN,24,200,81,96
MN,24,205,131,257
MN,24,210,75,155
MN,24,215,47,139
MN,24,220,29,25
MN,28,5,68,77
MN,28,10,134,122
MN,28,15,111,141
MN,28,20,211,337
MN,28,25,284,437
MN,28,30,120,217
MN,28,35,65,73
MN,28,40,42,94
MN,28,45,107,134
MN,28,50,123,169
MN,28,55,148,294
MN,28,60,81,163
MN,28,65,23,33
MN,28,70,618,698
MN,28,75,511,390
MN,28,76,260,251
MN,28,80,285,417
MN,28,85,65,129
MN,28,90,82,229
MN,28,95,137,184
MN,28,100,43,105
MN,28,105,303,304
MN,28,110,75,142
MN,28,115,65,131
MN,28,120,84,131
MN,28,125,32,88
MN,28,130,68,126
MN,32,5,20,67
MN,32,10,16,38
MN,32,15,24,86
MN,32,20,55,120
MN,32,25,39,95
MN,32,30,35,112
MN,32,35,27,68
MN,32,40,22,106
MN,32,45,102,174
MN,32,50,34,120
MN,32,55,27,99
MN,32,60,276,486
MN,32,70,265,522
MN,32,80,25,42
MN,32,85,12,80
MN,32,90,104,265
MN,32,95,126,297
MN,32,100,31,83
MN,32,105,47,116
MN,32,110,39,54
MN,32,115,14,105
MN,32,120,12,87
MN,32,125,23,70
MN,32,130,29,86
MN,32,135,30,62
MN,32,140,19,64
MN,32,145,16,14
MN,32,150,23,91
MN,40,5,123,243
MN,40,10,149,275
MN,40,15,80,180
MN,40,20,81,224
MN,40,25,110,254
MN,40,30,188,379
MN,40,35,24,49
MN,40,40,127,152
MN,40,45,109,147
MN,40,47,288,349
MN,40,50,20,57
MN,40,55,47,171
MN,40,62,285,841
MN,40,65,319,623
MN,40,75,408,622
MN,40,80,243,457
MN,40,85,78,318
MN,40,87,0,0
MN,40,90,463,937
MN,40,100,92,262
MN,40,105,537,992
MN,40,110,57,92
MN,40,115,120,220
MN,40,120,112,192
MN,40,125,168,350
MN,40,130,283,516
MN,40,140,112,280
MN,46,5,34,80
MN,46,10,16,107
MN,46,15,41,107
MN,46,20,26,54
MN,46,25,34,140
MN,46,30,33,67
MN,46,35,181,410
MN,46,40,266,517
MN,46,50,199,416
MN,46,55,246,531
MN,46,65,167,266
MN,46,70,154,358
MN,46,80,131,389
MN,46,85,126,295
MN,46,95,32,131
MN,46,100,48,111
MN,46,105,30,118
MN,46,110,43,84
MN,46,115,36,92
MN,46,120,20,122
MN,46,125,26,94
MN,46,130,21,72
MN,46,135,44,155
MN,46,140,20,95
MN,46,145,28,74
MN,46,150,13,14
MN,46,155,24,98
MN,46,160,32,100
MN,46,165,53,168
MN,46,170,139,378
MN,46,175,74,227
MN,46,180,23,119
MN,46,185,105,241
MN,46,195,121,395
MN,46,200,39,77
MN,46,205,89,214
MN,46,210,19,146
MN,50,5,144,193
MN,50,10,89,137
MN,50,15,893,575
MN,50,20,841,640
MN,50,25,24,27
MN,50,30,783,721
MN,50,35,1088,1036
MN,50,50,575,473
MN,50,55,827,739
MN,50,70,206,276
MN,50,75,18,61
MN,50,80,114,201
MN,50,85,23,74
MN,50,90,50,111
MN,50,95,46,109
MN,50,100,22,44
MN,50,105,53,150
MN,50,110,163,337
MN,50,115,37,127
MN,50,120,193,291
MN,50,125,136,321
MN,50,130,56,135
MN,50,135,39,92
MN,50,140,90,137
MN,50,145,65,132
MN,50,150,32,29
MN,50,155,56,116
MN,50,160,65,128
MN,50,165,37,111
MN,50,170,43,146
MN,50,175,68,177
MN,50,180,147,249
MN,50,185,78,105
MN,50,190,10,16
MN,50,195,35,128
MN,50,200,13,4
MN,50,205,105,136
MN,50,210,28,46
MN,50,215,47,141
MN,50,220,98,152
MN,52,5,236,376
MN,52,10,40,102
MN,52,15,13,54
MN,52,20,88,291
MN,52,25,68,260
MN,52,30,33,115
MN,52,35,60,172
MN,52,40,102,280
MN,52,45,141,228
MN,52,50,0,0
MN,52,55,38,110
MN,52,60,173,395
MN,52,65,86,215
MN,52,70,574,406
MN,52,75,498,452
MN,52,80,541,435
MN,52,85,623,535
MN,52,90,568,688
MN,52,95,605,663
MN,52,100,119,181
MN,52,110,131,162
MN,52,115,18,37
MN,52,120,688,612
MN,52,125,818,607
MN,52,130,810,319
MN,52,135,699,429
MN,52,140,69,125
MN,52,145,47,188
MN,53,5,151,339
MN,53,10,29,64
MN,53,15,51,152
MN,53,20,26,63
MN,53,25,70,133
MN,53,30,35,110
MN,53,35,14,22
MN,53,40,36,110
MN,53,45,40,172
MN,53,50,39,82
MN,53,55,8,106
MN,53,60,24,84
MN,53,65,24,89
MN,53,70,2,4
MN,53,75,18,73
MN,53,80,19,219
MN,53,85,28,80
MN,53,90,14,56
MN,53,95,7,82
MN,53,100,38,121
MN,53,105,15,75
MN,53,110,24,90
MN,53,115,34,127
MN,53,120,44,140
MN,53,125,25,91
MN,53,130,46,130
MN,53,135,12,82
MN,53,140,37,123
MN,53,145,16,85
MN,53,150,185,246
MN,53,155,130,152
MN,53,160,137,102
MN,53,165,90,73
MN,53,166,198,158
MN,53,170,329,551
MN,53,175,132,147
MN,53,180,141,129
MN,53,185,167,147
MN,53,186,259,351
MN,53,190,39,139
MN,55,5,1073,1640
MN,55,10,629,678
MN,55,11,66,102
MN,55,12,37,54
MN,55,13,0,0
MN,55,15,219,335
MN,55,20,118,221
MN,55,25,56,148
MN,55,30,74,135
MN,55,35,306,576
MN,55,40,66,204
MN,55,45,72,165
MN,55,50,386,476
MN,55,55,147,421
MN,55,60,205,405
MN,55,65,784,1349
MN,55,66,0,1
MN,55,70,248,459
MN,55,75,101,181
MN,55,80,300,481
MN,55,85,442,781
MN,55,88,154,217
MN,55,90,104,313
MN,55,95,50,113
MN,55,96,329,297
MN,55,98,425,470
MN,55,100,708,811
MN,55,102,216,275
MN,55,104,506,648
MN,55,106,147,123
MN,55,108,735,689
MN,55,110,466,451
MN,55,112,425,422
MN,55,114,200,202
MN,55,116,433,397
MN,55,118,116,142
MN,55,122,565,229
MN,55,124,1102,419
MN,55,126,654,489
MN,55,128,676,500
MN,55,130,500,411
MN,55,132,378,344
MN,55,134,932,646
MN,55,136,724,723
MN,55,140,501,474
MN,55,142,661,594
MN,55,144,519,454
MN,55,146,623,448
MN,55,148,1118,863
MN,55,150,547,503
MN,55,152,881,707
MN,55,154,844,428
MN,55,156,308,154
MN,55,158,383,307
MN,55,160,410,314
MN,55,162,569,337
MN,55,164,260,85
MN,55,166,539,453
MN,55,168,356,332
MN,55,170,68,119
MN,55,172,710,483
MN,55,174,501,399
MN,55,176,824,651
MN,55,178,735,535
MN,55,180,792,753
MN,55,182,377,285
MN,55,184,927,792
MN,55,186,208,168
MN,55,194,850,769
MN,55,196,864,654
MN,55,198,558,405
MN,55,200,746,503
MN,55,202,305,192
MN,55,204,323,255
MN,55,206,733,525
MN,55,208,334,315
MN,55,210,572,480
MN,55,211,0,0
MN,55,212,3,2
MN,55,213,10,17
MN,55,215,106,280
MN,55,220,205,442
MN,55,225,1031,1828
MN,55,230,93,220
MN,66,10,184,460
MN,66,20,143,331
MN,66,25,757,974
MN,66,30,857,1047
MN,66,35,1190,1375
MN,66,40,1043,1273
MN,66,55,228,528
MN,66,60,464,1373
MN,66,65,117,360
MN,66,70,56,300
MN,66,125,157,439
MN,66,130,160,374
MN,66,135,178,551
MN,66,140,157,322
MN,66,145,272,615
MN,66,150,154,552
MN,67,5,14,74
MN,67,10,30,93
MN,67,15,45,151
MN,67,20,30,114
MN,67,25,19,55
MN,67,30,27,35
MN,67,35,60,261
MN,67,40,12,8
MN,67,45,24,85
MN,67,50,5,19
MN,67,55,414,578
MN,67,60,98,186
MN,67,65,229,378
MN,67,70,114,181
MN,67,75,20,107
MN,67,77,34,94
MN,67,80,17,46
MN,67,85,36,82
MN,67,90,26,183
MN,67,95,35,70
MN,67,100,17,74
MN,67,105,27,93
MN,67,110,12,58
MN,67,115,28,66
MN,74,5,64,223
MN,74,10,66,218
MN,74,15,383,526
MN,74,20,66,166
MN,74,25,50,179
MN,74,30,72,245
MN,74,35,98,216
MN,74,40,73,253
MN,74,45,62,205
MN,74,50,168,437
MN,74,55,89,200
MN,74,60,81,246
MN,74,65,38,151
MN,74,70,482,629
MN,74,75,529,866
MN,74,85,377,671
MN,74,90,582,1012
MN,74,100,358,526
MN,74,105,405,560
MN,74,115,518,717
MN,74,120,526,802
MN,74,130,449,722
MN,74,135,422,710
MN,74,145,95,281
MN,74,150,121,278
MN,74,155,67,159
MN,81,5,50,163
MN,81,10,73,239
MN,81,15,27,91
MN,81,20,0,0
MN,81,25,39,151
MN,81,30,96,211
MN,81,35,347,738
MN,81,45,96,200
MN,81,50,203,335
MN,81,55,70,179
MN,81,60,52,245
MN,81,65,63,152
MN,81,70,17,117
MN,81,75,25,83
MN,81,80,339,547
MN,81,85,168,220
MN,81,90,470,711
MN,81,95,155,224
MN,81,100,107,178
MN,81,105,192,438
MN,81,110,47,149
MN,81,115,202,596
MN,83,5,25,63
MN,83,10,30,92
MN,83,15,63,121
MN,83,20,21,111
MN,83,25,9,16
MN,83,30,28,71
MN,83,35,14,24
MN,83,40,30,68
MN,83,45,78,122
MN,83,50,395,421
MN,83,60,52,124
MN,83,65,52,91
MN,83,70,14,42
MN,83,75,31,63
MN,83,80,7,32
MN,83,85,57,95
MN,83,90,47,117
MN,83,95,418,469
MN,83,110,381,411
MN,83,125,40,101
MN,83,135,22,114
MN,85,5,53,151
MN,85,10,68,97
MN,85,15,96,144
MN,85,20,33,47
MN,85,25,58,113
MN,85,30,41,145
MN,85,35,458,507
MN,85,40,341,409
MN,85,42,56,86
MN,85,45,40,107
MN,85,50,102,174
MN,85,55,341,443
MN,85,58,9,10
MN,85,60,233,424
MN,85,65,10,16
MN,85,70,31,64
MN,85,75,45,86
MN,85,80,180,254
MN,85,85,66,179
MN,85,90,70,209
MN,85,95,132,226
MN,85,100,146,225
MN,85,105,167,234
MN,85,110,613,1078
MN,85,115,102,157
MN,85,120,71,166
MN,85,125,129,213
MN,85,130,34,70
MN,85,135,70,188
MN,85,140,80,223
MN,85,145,29,67
MN,85,150,246,335
MN,85,155,281,285
MN,85,160,539,476
MN,85,165,340,241
MN,85,170,423,388
MN,85,175,520,277
MN,85,180,403,334
MN,85,185,487,307
MN,85,190,411,242
MN,85,195,648,394
MN,85,200,447,274
MN,85,205,564,280
MN,85,210,388,243
MN,85,215,371,283
MN,85,220,329,296
MN,85,225,416,349
MN,85,230,553,519
MN,85,240,96,87
MN,19,1010,712,712
MN,19,1020,806,685
MN,19,1030,766,593
MN,19,1040,910,700
MN,19,1050,835,720
MN,19,1055,1265,1096
MN,19,1060,646,465
MN,19,1070,1113,794
MN,19,1080,1076,844
MN,19,1090,928,851
MN,19,1100,1005,708
MN,19,1110,1023,870
MN,19,1120,1109,914
MN,19,1130,990,687
MN,19,1140,1080,759
MN,19,1150,755,526
MN,19,1210,1121,889
MN,19,1220,890,629
MN,19,1230,855,641
MN,19,1240,1093,885
MN,19,1250,859,385
MN,19,1260,1060,731
MN,19,1270,822,716
MN,19,1280,1407,1113
MN,19,1290,688,616
MN,19,1300,1078,865
MN,19,1310,961,853
MN,19,1320,880,597
MN,19,1330,1175,801
MN,19,1340,1090,785
MN,19,1350,1100,959
MN,19,1360,1012,913
MN,19,1370,742,633
MN,19,1410,228,523
MN,19,1510,20,43
MN,19,1610,18,12
MN,19,1710,374,314
MN,19,1720,1371,841
MN,19,1730,1014,641
MN,19,1740,1181,807
MN,19,1750,1367,908
MN,19,1755,1072,768
MN,19,1760,1016,572
MN,19,1765,1365,861
MN,19,1770,1446,963
MN,19,1780,1247,923
MN,19,1790,1332,865
MN,19,1795,524,434
MN,19,1800,826,507
MN,19,1810,728,467
MN,19,1820,655,436
MN,19,1830,1302,825
MN,19,1840,877,672
MN,19,1850,858,601
MN,19,1860,1141,908
MN,19,1870,934,664
MN,19,2010,509,938
MN,19,2110,228,607
MN,19,2210,344,525
MN,19,2220,784,1167
MN,19,2230,656,1002
MN,19,2240,914,1411
MN,19,2250,803,1131
MN,19,2260,660,942
MN,19,2310,169,278
MN,19,2410,87,228
MN,19,2510,140,354
MN,19,2610,561,726
MN,19,2620,541,791
MN,19,2630,563,631
MN,19,2635,651,741
MN,19,2640,717,746
MN,19,2645,617,730
MN,19,2650,651,872
MN,19,2660,568,709
MN,19,2710,888,913
MN,19,2720,848,920
MN,19,2730,982,1060
MN,19,2740,1170,953
MN,19,2750,1059,899
MN,19,2760,853,779
MN,19,2770,772,810
MN,19,2780,1023,772
MN,19,2790,834,417
MN,19,2800,925,632
MN,19,2910,829,966
MN,19,2920,1068,1397
MN,19,2930,686,1034
MN,19,2940,730,1003
MN,19,2950,716,959
MN,19,2960,644,926
MN,19,2970,672,1002
MN,19,2980,704,859
MN,19,2990,694,899
MN,19,3000,704,1010
MN,19,3010,929,1113
MN,19,3020,838,1010
MN,19,3030,752,902
MN,19,3040,756,924
MN,19,3050,792,1012
MN,19,3060,1169,1437
MN,19,3070,884,1120
MN,19,3110,434,272
MN,19,3210,236,452
MN,19,3310,55,49
MN,19,3410,999,645
MN,19,3420,820,649
MN,19,3430,1030,583
MN,19,3440,691,436
MN,19,3450,842,558
MN,19,3510,23,45
MN,19,3610,7,25
MN,19,3710,183,308
MN,19,3810,478,221
MN,19,3910,71,156
MN,19,4010,127,283
MN,19,4110,496,862
MN,19,4210,1207,1093
MN,19,4220,855,956
MN,19,4230,1004,1135
MN,19,4240,653,626
MN,19,4250,592,603
MN,19,4260,700,681
MN,19,4270,1048,969
MN,19,4310,76,161
MN,19,4410,1264,861
MN,19,4420,775,575
MN,19,4430,1354,1019
MN,19,4440,379,168
MN,19,4450,1531,1173
MN,19,4510,166,163
MN,19,4610,96,163
MN,19,4710,190,479
MN,19,4810,121,181
MN,19,4910,1115,659
MN,19,4920,657,304
MN,19,4940,1387,700
MN,19,4950,758,328
MN,19,4970,954,501
MN,19,4980,1277,794
MN,25,5,17,32
MN,25,10,75,190
MN,25,15,39,194
MN,25,20,407,611
MN,25,25,410,621
MN,25,30,229,427
MN,25,35,50,169
MN,25,40,22,73
MN,25,45,172,279
MN,25,50,335,572
MN,25,55,123,364
MN,25,60,51,212
MN,25,65,188,313
MN,25,70,60,191
MN,25,75,306,508
MN,25,80,57,158
MN,25,85,180,250
MN,25,90,206,317
MN,25,95,126,268
MN,25,100,491,767
MN,25,105,98,216
MN,25,110,443,548
MN,25,115,472,573
MN,25,125,575,461
MN,25,130,440,493
MN,25,140,627,491
MN,25,145,436,436
MN,25,155,484,365
MN,25,160,430,394
MN,25,170,133,291
MN,25,175,228,413
MN,25,180,187,327
MN,25,185,125,119
MN,25,190,135,393
MN,25,195,56,216
MN,25,200,135,205
MN,25,205,159,243
MN,25,210,311,474
MN,25,215,336,624
MN,25,220,92,243
MN,66,5,545,511
MN,66,12,5,9
MN,66,15,354,371
MN,66,75,41,82
MN,66,80,935,42
MN,66,85,1357,618
MN,66,90,819,490
MN,66,95,791,584
MN,66,105,1034,407
MN,66,113,967,289
MN,66,114,899,113
MN,66,115,208,283
MN,66,120,62,145
MN,66,142,192,404
MN,66,155,111,207
MN,70,5,1005,2034
MN,70,10,126,378
MN,70,15,64,203
MN,70,20,496,1231
MN,70,25,976,2124
MN,70,37,674,1570
MN,70,40,267,724
MN,70,45,225,315
MN,70,50,593,1137
MN,70,55,297,547
MN,70,60,213,504
MN,70,70,630,1438
MN,70,75,809,1337
MN,70,80,596,838
MN,70,84,479,685
MN,70,90,897,1241
MN,70,91,862,1389
MN,70,92,912,1259
MN,70,93,532,780
MN,70,94,423,645
MN,70,97,740,973
MN,70,99,76,228
MN,70,100,241,595
MN,70,105,798,762
MN,70,110,933,758
MN,70,111,946,962
MN,70,112,1104,1067
MN,70,113,971,1051
MN,70,114,617,837
MN,70,116,709,717
MN,70,117,555,440
MN,70,118,761,810
MN,70,119,754,966
MN,70,120,664,671
MN,70,125,640,580
MN,70,130,951,888
MN,70,135,534,575
MN,70,136,912,932
MN,70,137,527,431
MN,70,138,593,712
MN,70,145,439,680
MN,70,150,1018,1042
MN,70,153,540,620
MN,70,156,712,711
MN,70,157,36,10
MN,70,158,62,92
MN,70,160,593,1459
MN,79,5,5,18
MN,79,10,55,159
MN,79,15,122,360
MN,79,20,120,262
MN,79,25,60,187
MN,79,30,33,107
MN,79,35,290,478
MN,79,40,19,34
MN,79,45,67,168
MN,79,50,31,86
MN,79,55,82,154
MN,79,60,103,149
MN,79,65,325,380
MN,79,70,287,322
MN,79,75,366,491
MN,79,80,134,260
MN,79,85,130,286
MN,79,90,17,59
MN,79,95,9,23
MN,79,100,30,50
MN,79,105,61,154
MN,79,110,48,145
MN,79,115,100,127
MN,79,120,243,589
MN,79,125,196,495
MN,79,130,52,175
MN,79,140,245,203
MN,79,145,231,253
MN,79,150,169,206
MN,79,155,48,86
MN,79,160,49,175
MN,79,165,128,287
MN,79,170,11,61
MN,82,40,825,723
MN,82,45,693,696
MN,82,50,856,619
MN,82,55,924,931
MN,82,60,966,902
MN,82,65,822,841
MN,82,70,870,941
MN,82,75,914,1006
MN,82,80,870,807
MN,82,85,298,405
MN,82,90,950,953
MN,82,100,463,606
MN,82,135,72,85
MN,82,140,0,0
MN,82,285,264,301
MN,82,295,492,463
MN,82,300,391,412
MN,2,1005,950,1119
MN,2,1010,818,1002
MN,2,1015,620,851
MN,2,1020,473,500
MN,2,1105,759,801
MN,2,1110,465,566
MN,2,1115,746,826
MN,2,1120,446,553
MN,2,1125,650,572
MN,2,1205,621,712
MN,2,1210,620,681
MN,2,1215,675,620
MN,2,1220,660,617
MN,2,1305,706,765
MN,2,1310,667,730
MN,2,1315,668,599
MN,2,1320,857,981
MN,2,1405,635,735
MN,2,1410,733,856
MN,2,1415,459,453
MN,2,1420,347,310
MN,2,1425,662,578
MN,10,20,907,731
MN,10,25,941,928
MN,10,30,673,646
MN,10,35,1025,968
MN,10,36,1166,1196
MN,10,37,1154,1108
MN,10,38,1135,1175
MN,10,40,1371,1639
MN,10,45,1739,1836
MN,10,50,1263,1287
MN,10,55,1454,1414
MN,10,72,15,24
MN,10,90,322,710
MN,10,115,402,542
MN,10,117,758,949
MN,10,119,808,1317
MN,27,5,726,570
MN,27,10,793,598
MN,27,15,720,412
MN,27,20,1053,654
MN,27,25,1108,575
MN,27,30,911,668
MN,27,35,598,476
MN,27,36,1023,611
MN,27,40,1020,668
MN,27,45,1517,858
MN,27,50,753,484
MN,27,55,1078,624
MN,27,60,853,667
MN,27,65,638,702
MN,27,70,944,635
MN,27,71,660,467
MN,27,75,1206,750
MN,27,80,686,467
MN,27,85,689,434
MN,27,90,635,455
MN,27,95,1093,627
MN,27,100,900,557
MN,27,105,875,666
MN,27,106,848,560
MN,27,107,730,406
MN,27,110,745,392
MN,27,115,1125,486
MN,27,120,840,639
MN,27,125,834,561
MN,27,130,993,662
MN,27,131,509,337
MN,27,132,735,403
MN,27,300,802,206
MN,27,305,808,355
MN,27,310,1073,355
MN,27,315,939,305
MN,27,320,1137,654
MN,27,325,1225,669
MN,27,330,1071,688
MN,27,335,1071,886
MN,27,340,874,377
MN,27,345,983,410
MN,27,350,999,602
MN,27,355,689,280
MN,27,360,1006,816
MN,27,362,634,476
MN,27,365,364,255
MN,27,370,956,761
MN,27,375,1197,633
MN,27,395,943,447
MN,27,397,1432,707
MN,27,400,719,308
MN,27,405,1438,351
MN,27,410,1096,558
MN,27,415,893,303
MN,27,420,270,161
MN,27,450,1591,1697
MN,27,455,1588,1590
MN,27,460,1277,1419
MN,27,465,1307,1469
MN,27,485,0,0
MN,27,490,0,0
MN,27,500,479,1205
MN,27,505,454,889
MN,27,640,208,335
MN,27,645,174,264
MN,27,650,633,1028
MN,27,675,600,467
MN,27,680,686,534
MN,27,690,869,621
MN,27,695,947,674
MN,27,700,949,615
MN,27,705,981,620
MN,27,710,1058,772
MN,27,715,890,620
MN,27,720,838,636
MN,27,725,620,533
MN,27,730,1054,910
MN,27,735,953,804
MN,27,740,844,425
MN,27,745,1130,644
MN,27,750,957,622
MN,27,755,1302,953
MN,27,760,1021,660
MN,27,765,1222,950
MN,27,770,745,602
MN,27,775,1062,1044
MN,27,780,1057,882
MN,27,785,541,357
MN,27,850,968,625
MN,27,855,939,739
MN,27,860,849,363
MN,27,875,1021,676
MN,27,880,1028,604
MN,27,885,738,426
MN,27,900,692,486
MN,27,905,1102,606
MN,27,910,367,254
MN,27,915,713,331
MN,27,925,879,641
MN,27,930,1062,554
MN,27,935,847,361
MN,27,940,1493,684
MN,27,945,629,468
MN,27,965,716,522
MN,27,1050,466,1203
MN,27,1065,251,239
MN,27,1150,793,1428
MN,27,1160,529,509
MN,27,1170,110,249
MN,27,1190,787,807
MN,27,1195,731,717
MN,27,1200,638,633
MN,27,1205,547,575
MN,27,1210,804,769
MN,27,1215,802,665
MN,27,1220,887,840
MN,27,1225,731,813
MN,27,1230,818,901
MN,27,1235,897,785
MN,27,1240,994,902
MN,27,1245,826,688
MN,27,1250,871,696
MN,27,1255,609,665
MN,27,1260,766,619
MN,27,1265,871,856
MN,27,1270,815,668
MN,27,1275,953,773
MN,27,1280,589,609
MN,27,1285,893,1040
MN,27,1290,880,685
MN,27,1295,737,774
MN,27,1300,587,619
MN,27,1305,366,315
MN,27,1335,410,481
MN,27,1345,147,66
MN,27,1350,558,721
MN,27,1355,921,1132
MN,27,2090,902,509
MN,27,2095,709,408
MN,27,2100,841,435
MN,27,2105,1106,649
MN,27,2110,591,398
MN,27,2115,827,420
MN,27,2120,687,365
MN,27,2125,1129,501
MN,27,2130,1143,612
MN,27,2135,1215,521
MN,27,2140,921,437
MN,27,2145,727,382
MN,27,2150,652,522
MN,27,2155,829,515
MN,27,2160,826,680
MN,27,2165,739,391
MN,27,2170,1098,744
MN,27,2185,570,383
MN,27,2190,626,510
MN,27,2195,817,585
MN,27,2200,923,535
MN,27,2205,804,378
MN,27,2210,851,498
MN,27,2230,148,181
MN,27,2240,551,798
MN,27,2245,163,265
MN,27,2247,363,629
MN,27,2248,496,735
MN,27,2250,533,733
MN,27,2255,555,702
MN,27,2260,543,725
MN,27,2265,633,643
MN,27,2355,653,725
MN,27,2360,278,381
MN,27,2365,477,623
MN,27,2370,754,823
MN,27,2385,645,659
MN,27,2400,989,629
MN,27,2405,1752,1369
MN,27,2410,653,563
MN,27,2415,1046,714
MN,27,2420,1024,814
MN,27,2425,673,469
MN,27,2430,1477,1163
MN,27,2435,864,560
MN,27,2440,1456,850
MN,27,2445,689,558
MN,27,2450,734,622
MN,27,2455,644,657
MN,27,2460,1198,771
MN,27,2465,1739,1035
MN,27,2470,877,604
MN,27,2475,1301,840
MN,27,2480,732,418
MN,27,2485,972,820
MN,27,2490,726,511
MN,27,2495,1010,814
MN,27,2500,1023,683
MN,27,2505,1124,667
MN,27,2510,967,621
MN,27,2710,883,1572
MN,27,2715,1334,2444
MN,27,2720,47,77
MN,27,2725,705,704
MN,27,2730,655,575
MN,27,2735,907,803
MN,27,2755,425,534
MN,27,2780,437,777
MN,27,2900,468,478
MN,27,2910,1354,1238
MN,27,2925,132,151
MN,62,10,1264,778
MN,62,20,644,637
MN,62,30,1008,675
MN,62,50,0,0
MN,62,60,1041,223
MN,62,70,1140,301
MN,62,80,134,124
MN,62,90,919,245
MN,62,100,1148,570
MN,62,110,1073,744
MN,62,120,811,499
MN,62,130,578,262
MN,62,140,786,436
MN,62,150,678,363
MN,62,160,542,264
MN,62,170,645,417
MN,62,180,863,575
MN,62,190,965,688
MN,62,200,971,681
MN,62,210,390,224
MN,62,220,881,501
MN,62,230,671,449
MN,62,240,553,368
MN,62,250,839,660
MN,62,260,1163,595
MN,62,270,1226,887
MN,62,290,1014,710
MN,62,300,673,494
MN,62,310,1084,810
MN,62,320,619,412
MN,62,330,885,469
MN,62,335,643,313
MN,62,340,913,604
MN,62,345,1171,611
MN,62,350,885,421
MN,62,355,921,522
MN,62,360,1039,672
MN,62,365,929,669
MN,62,370,830,706
MN,62,380,788,764
MN,62,390,856,671
MN,62,400,742,510
MN,62,410,843,643
MN,62,420,831,563
MN,62,430,1119,689
MN,62,440,541,294
MN,62,450,1564,683
MN,62,460,1771,1009
MN,62,470,1598,551
MN,62,480,1111,550
MN,62,490,1185,608
MN,62,500,1254,555
MN,62,510,1479,627
MN,62,520,1250,472
MN,62,540,880,114
MN,62,550,1508,282
MN,62,560,1171,188
MN,62,570,798,129
MN,62,580,915,66
MN,62,590,1934,202
MN,62,600,1112,154
MN,62,610,1663,172
MN,62,620,1327,224
MN,62,630,281,59
MN,62,640,741,64
MN,62,650,247,35
MN,62,660,889,121
MN,62,670,606,64
MN,62,675,286,85
MN,62,678,145,29
MN,62,679,135,32
MN,62,680,1201,182
MN,62,690,1220,233
MN,62,700,1457,496
MN,62,710,1123,185
MN,62,720,1484,382
MN,62,730,388,103
MN,62,740,1322,347
MN,62,750,673,168
MN,62,760,1374,296
MN,62,770,24,12
MN,62,780,1791,352
MN,62,790,1122,276
MN,62,800,926,187
MN,62,810,994,254
MN,62,820,1690,354
MN,62,840,1466,324
MN,62,850,1710,418
MN,62,860,1856,413
MN,62,870,989,202
MN,62,880,1190,358
MN,62,890,1403,433
MN,62,900,1063,84
MN,62,910,1122,192
MN,62,920,1734,380
MN,62,930,1114,282
MN,62,940,1094,295
MN,62,950,1452,161
MN,62,960,1298,267
MN,62,970,2420,618
MN,62,1000,1241,144
MN,62,1010,1050,83
MN,62,1020,1529,192
MN,62,1030,1284,270
MN,62,1040,933,247
MN,62,1050,1037,560
MN,62,1060,1255,421
MN,62,1070,1528,242
MN,62,1080,1112,182
MN,62,1090,1457,212
MN,62,1100,1578,344
MN,62,1110,1198,183
MN,62,1120,1149,221
MN,62,1130,1020,123
MN,62,1140,1076,197
MN,62,1160,1320,389
MN,62,1170,1688,424
MN,62,1180,1368,270
MN,62,1190,2077,470
MN,62,1200,1135,184
MN,62,1210,1047,282
MN,62,1220,617,184
MN,62,1230,1426,266
MN,62,1240,1016,220
MN,62,1250,343,47
MN,62,1290,798,236
MN,62,1300,803,235
MN,62,1310,881,293
MN,62,1320,1103,299
MN,62,1330,1162,335
MN,62,1340,1386,351
MN,62,1350,385,68
MN,62,1360,977,168
MN,62,1370,1324,377
MN,62,1380,574,236
MN,62,1390,870,420
MN,62,1400,591,246
MN,62,1430,1170,238
MN,62,1440,727,207
MN,62,1450,878,211
MN,62,1460,539,150
MN,62,1470,786,254
MN,62,1480,752,249
MN,62,1490,698,198
MN,62,1500,999,320
MN,62,1510,768,362
MN,62,1520,745,374
MN,62,1530,736,185
MN,62,1540,1635,489
MN,62,1550,1117,398
MN,62,1580,786,351
MN,62,1600,1721,1060
MN,62,1610,1751,1131
MN,62,1620,1254,917
MN,62,1630,1907,1428
MN,62,1640,1240,1090
MN,62,1650,43,40
MN,62,1660,720,661
MN,62,1670,1161,912
MN,62,1680,889,811
MN,62,1690,1032,707
MN,62,1700,1464,1376
MN,62,1710,1009,1048
MN,62,1720,337,360
MN,62,1730,576,518
MN,62,1740,1202,1070
MN,62,1750,1570,1315
MN,62,1760,1157,961
MN,62,1765,170,136
MN,62,1770,1362,1016
MN,62,1780,1463,1180
MN,82,5,291,199
MN,82,10,219,239
MN,82,15,237,203
MN,82,20,237,237
MN,82,25,583,597
MN,82,30,495,688
MN,82,35,345,220
MN,82,95,272,428
MN,82,130,1091,1547
MN,82,170,1046,1139
MN,82,175,1241,1401
MN,82,180,502,561
MN,82,185,87,115
MN,82,190,344,286
MN,82,195,120,111
MN,82,200,1103,911
MN,82,205,1336,1184
MN,82,220,757,800
MN,82,225,737,654
MN,82,230,774,565
MN,82,235,1322,1003
MN,82,240,982,697
MN,82,245,1072,860
MN,82,250,924,895
MN,82,255,1530,1234
MN,82,260,435,359
MN,82,265,472,409
MN,82,270,763,705
MN,82,275,126,135
MN,82,280,125,105
MN,82,290,53,80
MN,82,310,497,454
MN,82,315,893,527
MN,82,320,693,424
MN,82,325,1066,658
MN,82,330,1342,1330
MN,82,340,881,795
MN,82,345,602,463
MN,82,350,615,681
MN,82,360,1031,1371
MN,82,365,102,102
MN,82,370,130,119
MN,82,375,1115,734
MN,82,380,1512,1020
MN,82,385,746,515
MN,82,390,1286,852
MN,82,395,1366,836
MN,82,400,980,733
MN,82,405,1168,815
MN,82,410,1339,1147
MN,82,415,1963,1544
MN,82,420,1428,1082
MN,82,425,1485,1037
MN,82,430,1332,1033
MN,82,435,1081,1037
MN,82,440,761,704
MN,82,445,814,876
MN,82,450,1443,1321
MN,2,805,1028,354
MN,2,810,835,312
MN,2,815,801,309
MN,2,820,798,322
MN,2,825,757,346
MN,2,830,613,337
MN,2,835,720,350
MN,2,840,675,353
MN,2,1605,637,427
MN,2,1610,596,440
MN,2,1615,741,388
MN,2,1620,567,319
MN,2,1705,517,340
MN,2,1710,534,287
MN,2,1715,753,499
MN,2,1720,752,477
MN,2,1805,620,438
MN,2,1810,784,562
MN,2,1815,487,240
MN,2,1820,505,311
MN,2,2005,162,54
MN,2,3105,409,393
MN,2,3110,494,425
MN,2,3115,727,671
MN,27,200,1163,467
MN,27,205,1104,363
MN,27,210,1275,577
MN,27,215,1507,597
MN,27,220,1456,596
MN,27,225,938,423
MN,27,230,810,298
MN,27,550,1006,560
MN,27,555,455,221
MN,27,557,264,179
MN,27,560,870,512
MN,27,565,663,393
MN,27,567,362,143
MN,27,570,664,300
MN,27,575,877,563
MN,27,577,203,121
MN,27,585,871,550
MN,27,590,710,454
MN,27,865,1211,638
MN,27,870,1195,332
MN,27,890,949,545
MN,27,895,969,438
MN,27,920,1226,432
MN,27,975,57,25
MN,27,985,1108,295
MN,27,990,1550,469
MN,27,1000,1113,296
MN,27,1005,996,480
MN,27,1010,1073,300
MN,27,1015,1182,520
MN,27,1020,1147,507
MN,27,1025,1196,446
MN,27,1110,840,328
MN,27,1115,1231,407
MN,27,1120,793,399
MN,27,1125,963,351
MN,27,1130,947,344
MN,27,1135,1129,523
MN,27,1360,595,162
MN,27,1365,1806,466
MN,27,1370,1692,315
MN,27,1375,1569,303
MN,27,1380,1307,255
MN,27,1385,1615,300
MN,27,1390,1267,196
MN,27,1395,1002,143
MN,27,1400,1702,289
MN,27,1405,634,169
MN,27,1410,1008,134
MN,27,1415,1119,80
MN,27,1420,1339,165
MN,27,1425,909,222
MN,27,1430,1767,198
MN,27,1435,876,87
MN,27,1440,577,89
MN,27,1445,2056,210
MN,27,1450,766,60
MN,27,1455,1254,345
MN,27,1456,1030,150
MN,27,1460,2272,748
MN,27,1465,1987,295
MN,27,1470,2143,263
MN,27,1475,792,115
MN,27,1480,1121,228
MN,27,1485,2106,306
MN,27,1490,1624,348
MN,27,1495,1089,278
MN,27,1500,1518,288
MN,27,1501,643,137
MN,27,1502,1045,217
MN,27,1503,561,158
MN,27,1505,1047,260
MN,27,1510,1562,344
MN,27,1515,886,123
MN,27,1520,1541,368
MN,27,1525,1642,208
MN,27,1530,1220,184
MN,27,1535,1101,259
MN,27,1540,1397,224
MN,27,1555,1428,126
MN,27,1560,1259,139
MN,27,1565,999,51
MN,27,1570,960,73
MN,27,1575,985,73
MN,27,1580,416,47
MN,27,1585,1275,89
MN,27,1590,1242,138
MN,27,1595,1044,97
MN,27,1605,647,38
MN,27,1610,1718,80
MN,27,1615,2000,77
MN,27,1620,1253,436
MN,27,1625,861,83
MN,27,1630,818,101
MN,27,1635,549,55
MN,27,1640,850,79
MN,27,1642,1354,126
MN,27,1645,846,59
MN,27,1650,1230,136
MN,27,1655,1992,199
MN,27,1660,1675,326
MN,27,1665,1676,236
MN,27,1670,1792,423
MN,27,1675,863,126
MN,27,1680,2552,471
MN,27,1685,1914,209
MN,27,1690,538,55
MN,27,1700,991,90
MN,27,1705,2052,168
MN,27,1710,1128,70
MN,27,1715,1191,96
MN,27,1720,1937,172
MN,27,1725,1935,160
MN,27,1730,2351,204
MN,27,1735,2111,239
MN,27,1750,924,55
MN,27,1755,1922,101
MN,27,1760,1236,110
MN,27,1765,849,76
MN,27,1770,435,34
MN,27,1775,1603,220
MN,27,1780,920,68
MN,27,1785,155,15
MN,27,1790,803,55
MN,27,1805,1703,136
MN,27,1810,2478,429
MN,27,1815,1437,210
MN,27,1817,0,0
MN,27,1820,1452,178
MN,27,1825,1235,133
MN,27,1827,0,0
MN,27,1830,1834,206
MN,27,1835,1291,113
MN,27,1840,1151,66
MN,27,1845,1673,145
MN,27,1850,1458,133
MN,27,1860,1317,166
MN,27,1865,1732,310
MN,27,1870,1469,257
MN,27,1875,2026,260
MN,27,1880,1117,152
MN,27,1885,1789,338
MN,27,1890,1600,348
MN,27,1895,1426,371
MN,27,1900,853,191
MN,27,1902,1119,283
MN,27,1905,1874,236
MN,27,1910,1737,243
MN,27,1915,2000,295
MN,27,1920,960,147
MN,27,1925,1294,203
MN,27,1930,1106,198
MN,27,1935,82,47
MN,27,1940,864,100
MN,27,1945,1248,221
MN,27,1950,1250,352
MN,27,1955,1087,209
MN,27,1956,1919,270
MN,27,1957,820,175
MN,27,1960,1557,354
MN,27,1965,913,155
MN,27,1970,1335,143
MN,27,1975,1343,207
MN,27,1980,1238,152
MN,27,1985,1560,170
MN,27,1990,2092,337
MN,27,1995,1487,276
MN,27,2000,1878,435
MN,27,2005,885,89
MN,27,2010,1287,237
MN,27,2015,853,111
MN,27,2020,1290,136
MN,27,2290,626,288
MN,27,2295,1017,473
MN,27,2300,896,560
MN,27,2310,885,559
MN,27,2315,684,297
MN,27,2320,385,195
MN,27,2330,1142,712
MN,27,2335,907,416
MN,27,2575,1555,645
MN,27,2580,1227,532
MN,27,2585,1485,633
MN,27,2590,1705,607
MN,27,2595,1502,610
MN,27,2600,1036,441
MN,27,2605,912,371
MN,27,2610,1009,436
MN,27,2615,1493,564
MN,27,2645,1221,565
MN,27,2655,1514,537
MN,27,2665,1153,516
MN,27,2675,1335,456
MN,27,2765,895,449
MN,27,2770,1359,629
MN,27,2790,1677,541
MN,27,2795,1902,622
MN,27,2800,755,189
MN,27,2805,614,244
MN,27,2810,873,346
MN,27,2815,1588,455
MN,27,2820,1789,415
MN,27,2825,1193,413
MN,27,2830,1149,345
MN,27,2835,1011,360
MN,27,2840,998,285
MN,27,2845,1577,547
MN,27,2850,1010,454
MN,27,2855,1876,535
MN,27,2860,1109,377
MN,27,2865,941,369
MN,62,530,1227,508
MN,2,5,565,1288
MN,2,10,623,1069
MN,2,15,732,1148
MN,2,20,623,858
MN,2,25,757,1246
MN,2,30,441,1015
MN,2,35,495,859
MN,2,40,592,997
MN,2,45,623,964
MN,2,50,744,1143
MN,2,105,402,348
MN,2,110,516,506
MN,2,115,470,666
MN,2,120,482,491
MN,2,125,417,482
MN,2,130,535,475
MN,2,135,433,558
MN,2,140,422,549
MN,2,205,50,182
MN,2,305,652,520
MN,2,310,696,619
MN,2,315,511,532
MN,2,320,339,427
MN,2,325,770,870
MN,2,330,439,541
MN,2,335,462,485
MN,2,340,447,594
MN,2,405,523,527
MN,2,410,527,495
MN,2,415,650,597
MN,2,420,598,513
MN,2,425,700,672
MN,2,430,574,617
MN,2,435,447,556
MN,2,440,917,1196
MN,2,505,612,605
MN,2,510,577,704
MN,2,515,636,632
MN,2,520,661,846
MN,2,525,593,686
MN,2,530,1105,1234
MN,2,535,1090,1120
MN,2,540,323,407
MN,2,605,829,1241
MN,2,705,444,565
MN,2,710,984,709
MN,2,905,805,1537
MN,2,1505,555,1469
MN,2,1510,600,1394
MN,2,1515,568,1258
MN,2,1905,391,767
MN,2,1910,554,1144
MN,2,1915,485,1121
MN,2,1920,477,1056
MN,2,1925,384,849
MN,2,1930,442,929
MN,2,2105,359,498
MN,2,2205,429,650
MN,2,2210,720,952
MN,2,2215,568,692
MN,2,2220,867,1031
MN,2,2225,492,558
MN,2,2230,674,1020
MN,2,2235,800,972
MN,2,2305,545,1257
MN,2,2310,372,677
MN,2,2405,418,1187
MN,2,2410,213,687
MN,2,2505,463,945
MN,2,2510,334,933
MN,2,2515,318,930
MN,2,2520,214,545
MN,2,2605,932,1443
MN,2,2610,231,490
MN,2,2705,378,875
MN,2,2710,731,1487
MN,2,2805,861,1262
MN,2,2810,352,571
MN,2,2905,667,938
MN,2,2910,609,965
MN,2,3005,492,1396
MN,2,3010,423,1119
MN,5,5,68,329
MN,5,10,289,814
MN,5,15,20,77
MN,5,20,94,375
MN,5,25,76,352
MN,5,30,50,280
MN,5,35,58,343
MN,5,40,104,473
MN,5,45,89,384
MN,5,50,118,378
MN,5,55,174,742
MN,5,56,2,2
MN,5,60,191,656
MN,5,67,1,0
MN,5,70,407,476
MN,5,80,439,423
MN,5,85,333,251
MN,5,90,116,509
MN,5,95,360,607
MN,5,100,360,675
MN,5,105,369,671
MN,5,110,482,944
MN,5,111,433,647
MN,5,112,489,999
MN,5,113,0,0
MN,5,115,88,237
MN,5,120,430,1228
MN,10,5,112,335
MN,10,10,103,419
MN,10,15,930,1145
MN,10,65,302,584
MN,10,70,212,506
MN,10,75,54,231
MN,10,80,39,148
MN,10,85,150,453
MN,10,95,258,747
MN,10,100,30,148
MN,10,105,515,1243
MN,10,110,162,381
MN,10,120,1064,1585
MN,10,125,1319,1916
MN,10,130,192,490
MN,10,135,635,1407
MN,10,140,209,522
MN,10,150,89,326
MN,27,1080,105,232
MN,27,2695,57,103
MN,71,5,390,1252
MN,71,10,548,1567
MN,71,15,579,2114
MN,71,20,375,864
MN,71,22,378,749
MN,71,24,680,1630
MN,71,25,415,901
MN,71,30,225,844
MN,71,35,84,165
MN,71,40,311,673
MN,71,45,521,878
MN,71,50,467,1070
MN,71,55,403,638
MN,71,60,529,1012
MN,71,65,339,802
MN,71,70,322,881
MN,71,75,449,1330
MN,71,80,345,1024
MN,71,85,26,16
MN,71,90,354,257
MN,71,95,367,346
MN,71,100,651,453
MN,71,105,182,710
MN,71,110,293,878
MN,71,111,280,932
MN,71,120,291,874
MN,71,121,214,471
MN,71,122,218,711
MN,71,125,409,1346
MN,71,130,536,1112
MN,71,135,550,1132
MN,71,140,639,1070
MN,71,145,522,832
MN,71,150,390,1470
MN,71,155,11,49
MN,73,20,201,593
MN,73,25,119,498
MN,73,27,182,416
MN,73,35,350,1248
MN,73,42,0,0
MN,73,45,587,1306
MN,73,50,404,733
MN,73,55,439,363
MN,73,70,194,628
MN,73,85,203,610
MN,73,115,105,551
MN,73,120,54,308
MN,73,125,84,237
MN,73,145,240,616
MN,73,150,42,296
MN,73,155,297,772
MN,73,160,227,797
MN,73,192,146,303
MN,73,230,185,564
MN,73,235,323,1011
MN,73,255,417,1479
MN,73,260,519,299
MN,73,265,591,417
MN,73,270,389,251
MN,73,275,345,395
MN,73,280,294,288
MN,73,285,413,485
MN,73,290,719,309
MN,73,295,764,641
MN,73,305,616,807
MN,73,307,623,790
MN,73,310,713,1093
MN,73,312,317,411
MN,73,315,326,468
MN,73,317,474,539
MN,73,320,538,565
MN,73,330,416,452
MN,73,335,184,291
MN,73,340,219,362
MN,73,345,734,426
MN,73,350,482,557
MN,73,355,794,1190
MN,73,360,829,1159
MN,73,380,766,501
MN,73,385,762,1097
MN,73,390,228,543
MN,73,395,3,3
MN,73,405,58,387
MN,73,410,371,913
MN,73,414,491,1118
MN,73,415,420,559
MN,73,416,581,1028
MN,73,417,275,472
MN,73,418,438,705
MN,73,419,500,833
MN,73,440,332,564
MN,73,441,698,764
MN,73,442,175,236
MN,73,443,36,89
MN,73,445,418,1172
MN,82,105,673,1048
MN,82,110,619,1002
MN,82,115,786,1271
MN,82,120,601,1011
MN,82,125,1086,1725
MN,82,145,1101,1506
MN,82,150,106,231
MN,82,155,891,1262
MN,82,160,727,1084
MN,82,165,257,434
MN,82,210,345,129
MN,82,215,880,913
MN,82,305,1052,1344
MN,86,5,1110,2251
MN,86,10,212,479
MN,86,15,533,918
MN,86,20,1191,2088
MN,86,25,778,1351
MN,86,30,644,1078
MN,86,31,26,29
MN,86,35,253,801
MN,86,40,232,513
MN,86,45,234,615
MN,86,50,215,596
MN,86,55,354,857
MN,86,60,125,535
MN,86,65,418,1022
MN,86,70,11,16
MN,86,75,1109,1847
MN,86,85,477,1156
MN,86,90,193,410
MN,86,95,424,938
MN,86,96,0,1
MN,86,100,247,614
MN,86,105,284,700
MN,86,110,278,784
MN,86,111,37,80
MN,86,115,246,701
MN,86,120,105,432
MN,86,125,2007,3534
MN,86,130,468,1277
MN,86,135,411,1069
MN,86,140,1284,2836
MN,86,141,1043,2250
MN,86,142,126,203
MN,86,145,731,1035
MN,86,150,537,1274
MN,86,155,1077,2455
MN,86,156,1686,3218
MN,86,160,409,1001
MN,86,165,26,40
MN,86,170,252,539
MN,86,175,94,365
MN,86,180,114,452
MN,86,185,197,482
MN,86,190,136,432
MN,3,5,12,46
MN,3,10,43,183
MN,3,15,100,229
MN,3,20,199,602
MN,3,25,45,44
MN,3,30,39,70
MN,3,35,39,70
MN,3,40,232,425
MN,3,45,37,101
MN,3,50,212,427
MN,3,51,100,310
MN,3,52,0,0
MN,3,55,412,796
MN,3,65,595,785
MN,3,75,574,1086
MN,3,82,40,34
MN,3,85,264,708
MN,3,90,29,97
MN,3,95,29,39
MN,3,100,129,364
MN,3,105,43,126
MN,3,110,30,81
MN,3,115,96,257
MN,3,120,82,212
MN,3,125,312,591
MN,3,130,131,190
MN,3,135,91,167
MN,3,140,318,644
MN,3,145,100,91
MN,3,150,20,24
MN,3,155,91,333
MN,3,160,41,30
MN,3,165,13,32
MN,3,170,106,222
MN,3,175,42,38
MN,3,180,44,194
MN,3,185,36,62
MN,3,190,52,117
MN,3,195,50,178
MN,3,200,9,29
MN,3,205,36,135
MN,3,210,115,167
MN,3,215,64,195
MN,3,220,38,115
MN,3,225,24,21
MN,3,230,70,71
MN,3,235,7,29
MN,3,240,17,113
MN,4,5,57,50
MN,4,10,3,9
MN,4,15,520,834
MN,4,20,523,502
MN,4,25,493,466
MN,4,30,489,633
MN,4,35,553,524
MN,4,40,658,676
MN,4,45,9,33
MN,4,60,50,120
MN,4,75,213,469
MN,4,90,366,628
MN,4,100,2,7
MN,4,115,24,96
MN,4,120,39,81
MN,4,125,18,40
MN,4,130,63,200
MN,4,140,4,16
MN,4,145,118,237
MN,4,150,19,38
MN,4,155,4,8
MN,4,172,0,0
MN,4,180,289,2
MN,4,195,528,14
MN,4,200,407,12
MN,4,202,293,18
MN,4,205,51,78
MN,4,215,8,17
MN,4,220,13,24
MN,4,225,13,20
MN,4,230,5,17
MN,4,275,6,10
MN,4,280,5,10
MN,4,290,24,39
MN,4,295,47,59
MN,4,300,11,29
MN,6,5,45,42
MN,6,10,28,32
MN,6,15,27,22
MN,6,20,7,3
MN,6,25,50,126
MN,6,30,32,34
MN,6,31,37,49
MN,6,35,75,99
MN,6,40,6,10
MN,6,45,32,45
MN,6,50,117,195
MN,6,55,14,34
MN,6,56,5,12
MN,6,60,9,24
MN,6,65,13,27
MN,6,70,17,29
MN,6,75,13,57
MN,6,80,225,391
MN,6,85,100,226
MN,6,86,15,33
MN,6,90,16,31
MN,6,95,33,67
MN,6,100,5,20
MN,12,5,66,80
MN,12,10,194,493
MN,12,15,27,62
MN,12,20,9,45
MN,12,25,212,217
MN,12,30,36,96
MN,12,32,0,0
MN,12,35,26,56
MN,12,40,39,42
MN,12,45,39,96
MN,12,50,25,88
MN,12,55,19,53
MN,12,60,29,48
MN,12,65,43,114
MN,12,70,62,53
MN,12,75,446,661
MN,12,90,420,674
MN,12,100,0,0
MN,12,105,12,132
MN,12,110,35,150
MN,12,115,142,282
MN,12,120,31,93
MN,12,125,30,81
MN,12,130,24,63
MN,12,135,12,85
MN,14,5,37,73
MN,14,10,165,258
MN,14,15,129,220
MN,14,20,150,244
MN,14,25,21,61
MN,14,30,13,24
MN,14,35,58,118
MN,14,40,836,967
MN,14,45,124,220
MN,14,50,65,94
MN,14,55,71,132
MN,14,60,26,52
MN,14,65,13,32
MN,14,70,15,29
MN,14,75,10,19
MN,14,80,27,34
MN,14,85,203,322
MN,14,90,50,103
MN,14,95,41,56
MN,14,100,27,46
MN,14,105,398,545
MN,14,110,98,144
MN,14,115,56,81
MN,14,120,49,41
MN,14,125,21,44
MN,14,130,45,96
MN,14,135,23,37
MN,14,140,36,126
MN,14,145,50,84
MN,14,150,50,101
MN,14,155,973,924
MN,14,157,283,438
MN,14,160,1002,567
MN,14,165,682,589
MN,14,170,1030,911
MN,14,175,294,207
MN,14,180,314,197
MN,14,185,313,130
MN,14,190,844,441
MN,14,195,560,449
MN,14,200,766,890
MN,14,205,444,362
MN,14,210,373,337
MN,14,212,740,721
MN,14,214,772,730
MN,14,215,37,56
MN,14,217,0,2
MN,14,220,32,71
MN,14,225,64,157
MN,14,230,100,206
MN,14,235,71,171
MN,14,240,85,182
MN,14,245,41,56
MN,14,250,42,87
MN,14,255,38,75
MN,14,260,122,102
MN,14,265,19,61
MN,14,270,23,21
MN,15,5,178,307
MN,15,10,17,47
MN,15,15,66,166
MN,15,20,13,47
MN,15,25,108,348
MN,15,30,38,148
MN,15,35,38,119
MN,15,40,32,78
MN,15,45,39,96
MN,15,50,7,34
MN,15,55,0,2
MN,15,56,4,3
MN,15,60,37,141
MN,15,65,28,55
MN,15,70,78,30
MN,15,75,36,166
MN,15,80,6,11
MN,15,85,34,99
MN,15,90,51,94
MN,15,95,49,180
MN,15,100,52,129
MN,15,105,76,189
MN,15,110,13,47
MN,15,115,15,50
MN,15,120,38,207
MN,15,125,19,64
MN,15,130,16,41
MN,15,135,0,5
MN,15,140,12,22
MN,17,5,17,64
MN,17,10,16,62
MN,17,15,32,59
MN,17,35,35,49
MN,17,47,4,44
MN,17,50,53,130
MN,17,55,21,71
MN,17,60,44,90
MN,17,90,24,56
MN,17,100,13,29
MN,17,105,22,51
MN,17,110,44,75
MN,17,115,12,88
MN,17,120,135,199
MN,17,125,39,92
MN,17,130,182,322
MN,17,135,265,405
MN,17,140,138,257
MN,17,145,176,245
MN,21,5,82,162
MN,21,7,495,877
MN,21,10,408,904
MN,21,15,528,906
MN,21,20,437,774
MN,21,25,28,79
MN,21,27,353,544
MN,21,30,432,1168
MN,21,35,48,157
MN,21,40,75,166
MN,21,45,118,345
MN,21,50,68,192
MN,21,55,390,969
MN,21,60,85,192
MN,21,65,25,112
MN,21,70,28,63
MN,21,75,46,94
MN,21,80,153,344
MN,21,85,126,398
MN,21,90,247,585
MN,21,95,40,96
MN,21,100,813,1701
MN,21,105,171,461
MN,21,110,77,204
MN,21,115,55,131
MN,21,120,14,30
MN,21,125,36,149
MN,21,130,55,142
MN,21,135,187,352
MN,21,140,143,319
MN,21,145,27,62
MN,21,150,30,157
MN,21,155,211,476
MN,21,160,74,275
MN,21,165,34,91
MN,21,170,42,184
MN,21,175,46,105
MN,26,5,86,119
MN,26,10,69,102
MN,26,15,24,30
MN,26,20,204,410
MN,26,25,18,61
MN,26,30,63,114
MN,26,35,80,144
MN,26,40,11,23
MN,26,45,74,134
MN,26,50,119,199
MN,26,55,45,91
MN,26,60,6,45
MN,26,65,30,49
MN,26,70,19,25
MN,26,75,25,44
MN,26,80,9,21
MN,26,85,4,20
MN,26,90,88,168
MN,26,95,32,53
MN,26,100,20,41
MN,26,105,26,55
MN,26,110,25,62
MN,26,115,28,53
MN,34,5,65,151
MN,34,10,185,304
MN,34,15,19,78
MN,34,20,74,209
MN,34,25,112,201
MN,34,30,415,852
MN,34,35,38,65
MN,34,40,19,121
MN,34,45,74,134
MN,34,50,64,154
MN,34,55,297,620
MN,34,60,91,223
MN,34,65,24,180
MN,34,70,184,388
MN,34,75,63,184
MN,34,80,97,240
MN,34,85,252,390
MN,34,90,35,71
MN,34,95,47,65
MN,34,100,30,73
MN,34,105,20,194
MN,34,110,258,331
MN,34,115,581,1116
MN,34,120,47,107
MN,34,125,59,136
MN,34,130,13,312
MN,34,135,94,275
MN,34,140,4,16
MN,34,145,42,161
MN,34,150,62,218
MN,34,155,38,158
MN,34,160,247,358
MN,34,165,16,28
MN,34,170,40,225
MN,34,175,263,406
MN,34,180,229,233
MN,34,185,252,317
MN,34,190,288,344
MN,34,195,340,515
MN,34,200,352,546
MN,34,202,0,0
MN,34,205,413,417
MN,34,210,226,284
MN,34,215,256,283
MN,34,220,290,274
MN,34,225,216,248
MN,34,230,357,399
MN,34,235,78,181
MN,35,5,6,42
MN,35,10,4,2
MN,35,15,2,17
MN,35,20,6,11
MN,35,25,13,9
MN,35,30,23,56
MN,35,35,5,6
MN,35,40,16,27
MN,35,45,215,272
MN,35,50,18,35
MN,35,55,5,13
MN,35,60,9,11
MN,35,65,7,34
MN,35,70,5,7
MN,35,75,7,11
MN,35,80,20,31
MN,35,85,104,234
MN,35,90,54,41
MN,35,92,0,0
MN,35,95,34,47
MN,35,100,64,99
MN,35,105,4,15
MN,35,110,0,0
MN,35,115,11,28
MN,35,118,1,4
MN,35,120,5,19
MN,35,125,14,5
MN,35,130,21,30
MN,35,135,17,47
MN,35,140,9,12
MN,35,145,5,13
MN,35,150,9,34
MN,35,155,22,9
MN,35,160,4,3
MN,35,165,5,25
MN,35,170,15,12
MN,35,175,15,16
MN,35,180,13,22
MN,35,185,36,50
MN,37,5,8,28
MN,37,10,12,57
MN,37,15,25,38
MN,37,20,44,65
MN,37,25,28,35
MN,37,30,23,44
MN,37,35,36,119
MN,37,40,40,72
MN,37,45,332,376
MN,37,60,13,50
MN,37,65,20,51
MN,37,70,31,53
MN,37,75,23,39
MN,37,80,41,62
MN,37,85,44,71
MN,37,90,8,15
MN,37,95,320,445
MN,37,110,30,83
MN,37,115,16,29
MN,37,120,22,41
MN,37,125,28,68
MN,37,130,18,18
MN,37,135,6,28
MN,37,140,6,46
MN,37,145,32,58
MN,37,150,61,113
MN,37,155,20,55
MN,37,160,11,58
MN,37,165,7,76
MN,39,5,26,93
MN,39,10,85,166
MN,39,15,39,74
MN,39,20,48,166
MN,39,30,37,148
MN,39,31,15,37
MN,39,35,14,37
MN,39,40,42,150
MN,39,44,78,154
MN,39,45,12,54
MN,39,46,10,49
MN,39,50,79,213
MN,39,55,23,41
MN,39,65,12,61
MN,39,70,17,77
MN,39,75,0,1
MN,39,80,16,19
MN,41,5,40,55
MN,41,10,9,36
MN,41,15,33,63
MN,41,20,20,76
MN,41,25,8,39
MN,41,30,15,39
MN,41,35,114,179
MN,41,40,37,82
MN,41,45,46,100
MN,41,50,96,180
MN,41,55,70,224
MN,41,60,23,92
MN,41,65,25,55
MN,41,70,18,48
MN,41,75,21,56
MN,41,80,39,88
MN,41,85,18,64
MN,41,90,41,65
MN,41,95,172,336
MN,41,100,15,54
MN,42,5,25,83
MN,42,10,107,225
MN,42,15,25,97
MN,42,20,34,106
MN,42,25,204,336
MN,42,30,29,65
MN,42,35,23,70
MN,42,40,42,155
MN,42,45,7,8
MN,42,50,15,47
MN,42,55,71,102
MN,42,60,29,118
MN,42,65,15,84
MN,42,70,92,220
MN,42,75,21,90
MN,42,80,50,117
MN,42,85,62,173
MN,42,90,14,94
MN,42,95,697,919
MN,42,105,790,1284
MN,42,115,679,974
MN,42,125,183,458
MN,42,130,20,76
MN,42,135,29,74
MN,42,140,20,128
MN,42,145,46,130
MN,42,150,19,66
MN,42,155,42,120
MN,42,160,23,99
MN,42,165,24,30
MN,42,170,327,530
MN,42,180,20,75
MN,42,185,41,103
MN,43,5,171,478
MN,43,10,91,402
MN,43,15,21,21
MN,43,20,89,237
MN,43,25,57,186
MN,43,30,196,408
MN,43,35,232,389
MN,43,40,225,427
MN,43,45,181,405
MN,43,50,58,222
MN,43,55,106,392
MN,43,60,86,282
MN,43,65,107,362
MN,43,70,674,1360
MN,43,75,695,1253
MN,43,80,828,1514
MN,43,95,161,511
MN,43,100,199,615
MN,43,105,54,247
MN,43,110,32,140
MN,43,115,31,134
MN,43,120,83,289
MN,43,125,18,96
MN,43,130,108,255
MN,43,135,48,141
MN,43,140,55,213
MN,43,145,235,791
MN,43,150,137,385
MN,44,5,18,28
MN,44,10,21,19
MN,44,15,13,16
MN,44,20,23,26
MN,44,25,13,14
MN,44,30,15,30
MN,44,35,27,38
MN,44,40,35,83
MN,44,45,19,50
MN,44,50,28,46
MN,44,55,230,209
MN,44,60,16,42
MN,44,65,34,63
MN,44,70,102,113
MN,44,75,25,24
MN,44,80,31,46
MN,44,85,140,42
MN,44,90,56,24
MN,44,95,84,78
MN,45,5,7,39
MN,45,10,7,45
MN,45,15,36,80
MN,45,20,81,265
MN,45,25,8,27
MN,45,30,0,21
MN,45,35,11,35
MN,45,40,5,18
MN,45,45,6,40
MN,45,50,7,18
MN,45,55,10,54
MN,45,60,0,11
MN,45,65,0,5
MN,45,70,0,5
MN,45,75,2,12
MN,45,80,19,17
MN,45,85,4,9
MN,45,90,50,103
MN,45,95,12,28
MN,45,100,2,4
MN,45,105,6,19
MN,45,110,34,43
MN,45,115,12,30
MN,45,120,10,54
MN,45,125,16,31
MN,45,130,14,25
MN,45,135,10,4
MN,45,140,23,115
MN,45,145,14,52
MN,45,150,60,68
MN,45,155,7,34
MN,45,160,5,10
MN,45,165,22,32
MN,45,166,0,0
MN,45,170,26,44
MN,45,175,47,109
MN,45,180,31,80
MN,45,185,26,54
MN,45,190,35,117
MN,45,195,13,54
MN,45,200,23,62
MN,45,205,4,14
MN,45,210,22,32
MN,45,215,3,11
MN,45,220,33,63
MN,45,225,110,226
MN,45,230,16,16
MN,45,235,9,36
MN,45,240,12,14
MN,45,245,23,44
MN,45,250,13,46
MN,45,255,4,13
MN,45,260,13,23
MN,45,265,28,56
MN,45,270,11,20
MN,45,275,101,304
MN,45,280,85,264
MN,45,285,6,52
MN,45,290,13,48
MN,45,295,7,17
MN,45,300,11,36
MN,47,5,59,123
MN,47,10,6,16
MN,47,15,35,164
MN,47,20,137,469
MN,47,25,74,131
MN,47,30,23,89
MN,47,35,44,97
MN,47,40,44,113
MN,47,45,97,295
MN,47,50,191,488
MN,47,55,223,632
MN,47,60,54,170
MN,47,65,127,396
MN,47,70,84,287
MN,47,75,93,371
MN,47,80,142,294
MN,47,85,62,167
MN,47,90,53,137
MN,47,95,14,76
MN,47,100,129,542
MN,47,105,288,358
MN,47,110,214,388
MN,47,115,200,333
MN,47,120,200,400
MN,47,125,180,324
MN,47,130,141,360
MN,47,135,52,195
MN,47,140,41,133
MN,47,145,84,266
MN,47,150,100,290
MN,51,5,12,44
MN,51,10,32,68
MN,51,15,28,124
MN,51,20,16,46
MN,51,25,17,85
MN,51,30,11,97
MN,51,35,52,56
MN,51,40,21,59
MN,51,45,22,66
MN,51,46,15,24
MN,51,50,17,65
MN,51,55,15,80
MN,51,60,210,389
MN,51,65,21,12
MN,51,70,12,38
MN,51,75,18,43
MN,51,80,20,51
MN,51,85,67,155
MN,51,90,43,84
MN,51,95,15,92
MN,51,100,20,80
MN,51,105,29,68
MN,51,110,45,113
MN,51,115,8,104
MN,51,120,25,65
MN,51,125,63,131
MN,51,130,20,41
MN,51,135,373,560
MN,51,140,48,134
MN,54,5,151,260
MN,54,10,141,236
MN,54,15,11,20
MN,54,20,41,55
MN,54,25,17,13
MN,54,30,60,48
MN,54,35,36,31
MN,54,40,44,43
MN,54,45,6,8
MN,54,50,17,30
MN,54,55,103,101
MN,54,60,12,38
MN,54,65,10,18
MN,54,70,51,93
MN,54,75,19,24
MN,54,80,15,46
MN,54,85,38,52
MN,54,90,37,21
MN,54,95,8,23
MN,54,100,23,70
MN,54,105,20,19
MN,54,110,14,13
MN,54,115,30,33
MN,54,120,13,19
MN,54,125,30,54
MN,54,130,20,23
MN,54,135,6,14
MN,54,140,25,23
MN,54,145,26,33
MN,54,150,156,146
MN,54,155,23,12
MN,54,160,51,70
MN,54,165,10,10
MN,56,5,29,81
MN,56,10,99,164
MN,56,15,260,616
MN,56,20,177,270
MN,56,25,33,102
MN,56,30,14,90
MN,56,35,39,190
MN,56,40,54,233
MN,56,45,23,140
MN,56,50,96,257
MN,56,55,14,74
MN,56,60,10,20
MN,56,65,109,210
MN,56,70,80,273
MN,56,75,60,245
MN,56,80,35,81
MN,56,85,155,401
MN,56,90,78,209
MN,56,95,30,108
MN,56,100,42,131
MN,56,105,24,56
MN,56,110,169,284
MN,56,115,195,360
MN,56,120,93,137
MN,56,125,44,86
MN,56,130,151,406
MN,56,135,23,99
MN,56,140,20,60
MN,56,145,160,315
MN,56,150,37,115
MN,56,155,15,37
MN,56,160,64,162
MN,56,165,213,312
MN,56,170,262,431
MN,56,175,209,456
MN,56,180,270,552
MN,56,185,310,583
MN,56,190,287,480
MN,56,195,323,487
MN,56,200,288,528
MN,56,205,261,541
MN,56,210,141,390
MN,56,215,39,118
MN,56,220,146,276
MN,56,225,165,322
MN,56,230,60,215
MN,56,235,95,252
MN,56,240,58,131
MN,56,245,172,329
MN,56,250,43,143
MN,56,255,35,110
MN,56,260,80,245
MN,56,265,55,106
MN,56,270,206,271
MN,56,275,98,315
MN,56,280,52,102
MN,56,285,100,335
MN,56,290,134,389
MN,56,295,80,134
MN,56,300,68,111
MN,56,305,34,136
MN,56,310,32,71
MN,56,315,27,68
MN,56,320,80,262
MN,56,325,111,259
MN,56,330,64,272
MN,56,335,24,154
MN,56,340,143,334
MN,56,345,45,157
MN,56,350,121,224
MN,56,355,395,366
MN,56,360,381,1016
MN,56,365,113,415
MN,56,370,99,299
MN,56,375,10,28
MN,56,380,38,54
MN,56,385,151,439
MN,56,390,64,151
MN,56,395,106,185
MN,56,400,85,181
MN,56,405,125,247
MN,56,410,103,201
MN,56,415,29,73
MN,56,420,80,180
MN,56,425,74,111
MN,56,430,2,16
MN,56,435,57,135
MN,56,440,18,18
MN,56,445,12,53
MN,56,450,10,57
MN,56,455,25,101
MN,57,5,11,23
MN,57,10,9,23
MN,57,15,9,43
MN,57,20,26,42
MN,57,25,17,30
MN,57,30,7,30
MN,57,35,20,28
MN,57,40,49,41
MN,57,45,20,52
MN,57,50,10,20
MN,57,55,43,169
MN,57,60,115,215
MN,57,65,5,38
MN,57,70,11,19
MN,57,75,27,24
MN,57,80,18,80
MN,57,85,102,183
MN,57,90,79,197
MN,57,95,39,75
MN,57,100,32,120
MN,57,105,26,71
MN,57,110,82,219
MN,57,115,23,40
MN,57,120,110,158
MN,57,125,122,247
MN,57,135,231,399
MN,57,150,161,214
MN,57,155,135,219
MN,57,165,236,408
MN,57,180,356,549
MN,57,195,16,24
MN,59,5,24,89
MN,59,10,15,53
MN,59,15,8,119
MN,59,20,30,112
MN,59,25,102,574
MN,59,30,9,110
MN,59,35,12,86
MN,59,40,12,103
MN,59,45,29,92
MN,59,50,5,11
MN,59,55,24,67
MN,59,60,12,18
MN,59,65,95,141
MN,59,70,13,166
MN,59,75,279,509
MN,59,80,320,654
MN,59,100,14,58
MN,59,105,30,57
MN,59,110,43,134
MN,59,115,11,34
MN,59,120,30,118
MN,59,125,10,33
MN,60,5,23,51
MN,60,10,11,35
MN,60,15,11,42
MN,60,20,11,23
MN,60,25,16,20
MN,60,30,32,106
MN,60,35,6,19
MN,60,40,8,15
MN,60,45,31,118
MN,60,50,15,23
MN,60,55,37,42
MN,60,60,42,196
MN,60,65,206,265
MN,60,70,253,330
MN,60,75,229,229
MN,60,80,188,222
MN,60,85,206,258
MN,60,90,183,325
MN,60,105,64,176
MN,60,110,308,640
MN,60,120,280,549
MN,60,130,190,236
MN,60,140,289,390
MN,60,150,305,477
MN,60,160,39,45
MN,60,165,68,111
MN,60,170,12,76
MN,60,175,22,45
MN,60,180,24,50
MN,60,185,24,30
MN,60,190,1,23
MN,60,195,160,255
MN,60,200,47,104
MN,60,205,12,98
MN,60,210,230,413
MN,60,220,40,64
MN,60,225,76,173
MN,60,230,35,85
MN,60,235,63,102
MN,60,240,37,49
MN,60,245,43,89
MN,60,250,11,10
MN,60,255,15,28
MN,60,260,5,23
MN,60,265,7,17
MN,60,270,12,39
MN,60,275,16,73
MN,60,280,11,29
MN,60,285,49,205
MN,60,290,6,8
MN,60,295,14,38
MN,60,300,14,32
MN,60,305,20,77
MN,60,310,91,205
MN,60,315,11,27
MN,60,320,11,83
MN,60,325,10,48
MN,60,330,15,75
MN,60,335,85,191
MN,60,340,25,40
MN,60,345,12,42
MN,60,350,9,24
MN,60,355,14,65
MN,60,360,8,22
MN,60,365,6,23
MN,60,370,36,89
MN,60,375,8,17
MN,60,380,12,55
MN,60,385,24,64
MN,60,390,45,119
MN,60,395,2,10
MN,60,400,7,26
MN,60,405,4,39
MN,60,410,15,66
MN,60,415,17,64
MN,60,420,23,40
MN,60,430,8,13
MN,60,435,10,16
MN,60,440,22,30
MN,60,445,19,56
MN,60,450,13,62
MN,60,455,93,190
MN,61,5,18,62
MN,61,10,31,57
MN,61,15,42,94
MN,61,20,26,78
MN,61,22,0,0
MN,61,25,60,92
MN,61,30,31,99
MN,61,35,12,10
MN,61,40,35,100
MN,61,45,501,566
MN,61,50,75,105
MN,61,55,210,415
MN,61,60,29,115
MN,61,65,26,46
MN,61,70,24,45
MN,61,75,44,55
MN,61,80,107,210
MN,61,85,81,155
MN,61,90,42,112
MN,61,95,131,174
MN,61,100,27,85
MN,61,105,29,76
MN,61,110,65,172
MN,61,115,17,54
MN,61,120,1,14
MN,61,125,270,360
MN,61,130,27,88
MN,61,135,18,67
MN,61,140,1,18
MN,61,145,29,97
MN,61,150,97,172
MN,63,5,7,45
MN,63,10,5,18
MN,63,15,21,58
MN,63,20,17,40
MN,63,25,36,41
MN,63,30,35,88
MN,63,35,7,52
MN,63,40,18,34
MN,63,45,34,52
MN,63,50,58,77
MN,63,55,26,66
MN,63,60,8,43
MN,63,65,57,129
MN,63,70,50,132
MN,63,75,84,110
MN,63,80,24,36
MN,63,85,7,16
MN,63,87,16,7
MN,63,90,5,22
MN,63,95,17,49
MN,63,100,8,26
MN,64,5,46,107
MN,64,10,14,99
MN,64,15,21,72
MN,64,20,7,59
MN,64,25,14,28
MN,64,30,34,133
MN,64,35,8,64
MN,64,40,16,88
MN,64,45,6,30
MN,64,50,7,52
MN,64,55,20,76
MN,64,60,94,246
MN,64,65,16,95
MN,64,70,14,71
MN,64,75,31,74
MN,64,80,92,291
MN,64,85,17,117
MN,64,90,11,101
MN,64,95,27,52
MN,64,105,126,156
MN,64,110,227,435
MN,64,115,259,468
MN,64,120,257,508
MN,64,125,15,73
MN,64,130,14,23
MN,64,135,38,115
MN,64,140,11,16
MN,64,145,12,89
MN,64,150,68,60
MN,64,155,36,63
MN,64,160,18,83
MN,64,165,25,43
MN,64,170,9,76
MN,64,175,10,90
MN,64,180,19,93
MN,64,185,16,93
MN,64,190,12,73
MN,64,195,50,276
MN,64,200,122,137
MN,64,205,5,44
MN,64,210,13,90
MN,64,215,14,75
MN,64,220,16,103
MN,65,5,27,45
MN,65,10,32,67
MN,65,15,44,88
MN,65,20,185,324
MN,65,25,23,86
MN,65,30,41,154
MN,65,35,10,79
MN,65,40,69,165
MN,65,45,21,79
MN,65,50,20,78
MN,65,55,10,89
MN,65,60,62,147
MN,65,65,39,67
MN,65,70,26,97
MN,65,75,134,354
MN,65,80,22,86
MN,65,85,52,121
MN,65,90,48,74
MN,65,95,134,306
MN,65,100,19,86
MN,65,105,28,67
MN,65,110,26,81
MN,65,115,15,60
MN,65,120,26,78
MN,65,125,50,112
MN,65,130,22,61
MN,65,135,381,713
MN,65,140,11,61
MN,65,145,39,67
MN,65,150,26,96
MN,65,152,0,0
MN,65,155,217,302
MN,65,160,82,132
MN,65,165,57,93
MN,65,170,37,109
MN,65,175,41,103
MN,65,180,13,82
MN,65,185,28,81
MN,68,5,46,145
MN,68,10,21,43
MN,68,15,22,55
MN,68,20,16,30
MN,68,25,15,61
MN,68,28,14,46
MN,68,30,4,43
MN,68,35,21,49
MN,68,40,18,68
MN,68,45,45,155
MN,68,50,39,104
MN,68,55,28,58
MN,68,60,116,245
MN,68,65,17,66
MN,68,70,39,93
MN,68,75,17,48
MN,68,80,85,226
MN,68,83,2,6
MN,68,85,159,682
MN,68,90,58,201
MN,68,95,5,22
MN,68,100,79,153
MN,68,105,36,108
MN,68,110,12,52
MN,68,115,61,385
MN,68,120,2,15
MN,68,121,8,56
MN,68,122,1,8
MN,68,125,10,18
MN,68,130,4,9
MN,68,135,8,11
MN,68,140,19,33
MN,68,145,17,33
MN,68,150,11,48
MN,68,155,380,858
MN,68,160,37,157
MN,68,165,13,93
MN,68,170,14,49
MN,68,175,67,238
MN,68,176,7,17
MN,68,180,43,97
MN,68,185,27,87
MN,68,190,0,19
MN,68,195,213,461
MN,72,5,26,121
MN,72,10,305,660
MN,72,15,82,237
MN,72,20,26,106
MN,72,25,33,104
MN,72,30,26,133
MN,72,35,97,266
MN,72,40,335,585
MN,72,45,103,231
MN,72,50,18,110
MN,72,55,42,215
MN,72,60,50,210
MN,72,65,172,284
MN,72,70,80,244
MN,72,75,64,210
MN,72,80,59,106
MN,72,82,0,0
MN,72,85,31,116
MN,72,90,37,140
MN,72,95,38,185
MN,72,100,23,87
MN,72,105,21,121
MN,72,110,17,129
MN,72,115,53,226
MN,72,120,216,367
MN,73,5,294,986
MN,73,10,61,467
MN,73,15,19,125
MN,73,30,119,201
MN,73,40,124,175
MN,73,60,30,89
MN,73,65,39,76
MN,73,75,48,142
MN,73,80,12,83
MN,73,90,82,461
MN,73,95,42,316
MN,73,100,19,111
MN,73,105,6,89
MN,73,110,33,177
MN,73,130,57,460
MN,73,135,10,105
MN,73,137,3,34
MN,73,140,18,112
MN,73,165,8,47
MN,73,170,353,1014
MN,73,180,83,311
MN,73,185,75,509
MN,73,190,83,314
MN,73,195,12,95
MN,73,200,18,64
MN,73,205,35,293
MN,73,210,326,798
MN,73,215,247,573
MN,73,225,19,88
MN,73,245,4,41
MN,73,250,4,37
MN,73,399,12,132
MN,73,400,28,214
MN,73,404,5,35
MN,73,420,469,1469
MN,73,430,87,524
MN,73,434,5,35
MN,73,435,17,164
MN,73,450,20,143
MN,75,5,12,35
MN,75,10,15,59
MN,75,15,84,138
MN,75,20,23,117
MN,75,25,43,90
MN,75,30,25,32
MN,75,35,18,39
MN,75,40,16,40
MN,75,45,60,136
MN,75,50,88,242
MN,75,55,28,131
MN,75,60,5,91
MN,75,65,8,89
MN,75,72,196,153
MN,75,73,211,244
MN,75,75,276,158
MN,75,76,347,90
MN,75,80,307,212
MN,75,81,190,233
MN,75,85,45,155
MN,75,90,18,43
MN,75,95,19,69
MN,75,100,23,43
MN,75,105,10,28
MN,75,110,36,104
MN,75,115,13,28
MN,76,5,250,364
MN,76,10,36,77
MN,76,15,309,450
MN,76,20,280,444
MN,76,25,64,118
MN,76,30,54,45
MN,76,35,19,55
MN,76,40,29,44
MN,76,45,18,27
MN,76,50,10,40
MN,76,55,13,48
MN,76,60,30,43
MN,76,65,19,34
MN,76,70,16,54
MN,76,75,34,60
MN,76,80,24,26
MN,76,85,24,25
MN,76,90,115,263
MN,76,95,49,79
MN,76,100,32,49
MN,76,105,7,25
MN,76,110,19,29
MN,76,115,30,66
MN,76,120,36,113
MN,76,125,19,28
MN,76,130,21,60
MN,76,135,20,52
MN,76,140,14,35
MN,76,145,60,166
MN,76,150,35,44
MN,77,5,28,181
MN,77,10,65,146
MN,77,15,47,116
MN,77,20,116,361
MN,77,25,98,219
MN,77,30,64,205
MN,77,35,43,133
MN,77,40,99,301
MN,77,45,12,43
MN,77,50,107,197
MN,77,55,73,168
MN,77,60,54,155
MN,77,65,49,209
MN,77,70,42,131
MN,77,75,73,286
MN,77,80,45,113
MN,77,85,96,250
MN,77,90,80,222
MN,77,95,27,89
MN,77,100,44,100
MN,77,105,102,337
MN,77,110,103,266
MN,77,115,32,128
MN,77,120,78,324
MN,77,126,318,728
MN,77,135,81,398
MN,77,140,54,229
MN,77,145,26,55
MN,77,150,64,252
MN,77,155,68,248
MN,77,160,252,558
MN,77,165,41,252
MN,77,170,48,193
MN,77,173,0,1
MN,77,175,58,115
MN,77,180,64,268
MN,77,185,60,211
MN,77,188,4,34
MN,77,190,32,120
MN,77,195,36,143
MN,78,5,13,23
MN,78,10,91,104
MN,78,15,14,27
MN,78,20,10,36
MN,78,25,9,27
MN,78,27,14,40
MN,78,30,25,31
MN,78,35,40,88
MN,78,40,6,45
MN,78,45,15,55
MN,78,50,12,21
MN,78,55,9,8
MN,78,60,7,40
MN,78,65,13,39
MN,78,70,1,30
MN,78,75,6,17
MN,78,80,15,27
MN,78,85,162,172
MN,78,90,157,195
MN,78,95,11,24
MN,84,5,7,74
MN,84,10,10,25
MN,84,15,31,49
MN,84,20,8,29
MN,84,25,17,64
MN,84,30,170,387
MN,84,35,163,339
MN,84,40,131,213
MN,84,50,15,101
MN,84,55,34,59
MN,84,60,6,23
MN,84,65,8,18
MN,84,70,7,56
MN,84,72,7,10
MN,84,75,25,31
MN,84,80,15,46
MN,84,85,19,34
MN,84,90,9,22
MN,84,95,6,24
MN,84,100,9,22
MN,84,105,7,19
MN,84,110,17,35
MN,84,113,4,11
MN,84,115,3,33
MN,84,120,14,29
MN,84,125,28,69
MN,84,130,11,34
MN,84,135,55,90
MN,84,140,16,68
MN,84,145,12,26
MN,84,150,14,44
MN,84,155,15,45
MN,87,5,26,58
MN,87,10,254,497
MN,87,20,130,249
MN,87,25,20,96
MN,87,30,11,68
MN,87,35,14,44
MN,87,40,10,44
MN,87,45,33,91
MN,87,50,377,489
MN,87,65,29,80
MN,87,70,25,66
MN,87,75,15,12
MN,87,80,29,79
MN,87,85,32,81
MN,87,90,89,111
MN,87,95,22,125
MN,87,100,22,75
MN,87,105,13,57
MN,87,110,31,87
MN,87,115,24,69
MN,87,120,28,102
MN,87,125,10,37
MN,87,130,32,87
MN,87,135,35,83
MN,87,140,83,159
MN,87,145,13,44
MN,87,150,19,77
MN,87,155,24,81
MN,87,160,51,138
MN,87,165,23,96
MN,1,5,358,552
MN,1,10,154,356
MN,1,15,57,96
MN,1,20,8,9
MN,1,25,19,16
MN,1,30,30,47
MN,1,35,9,11
MN,1,38,9,15
MN,1,40,267,432
MN,1,45,78,144
MN,1,50,105,174
MN,1,55,38,61
MN,1,60,189,329
MN,1,65,97,204
MN,1,70,78,126
MN,1,75,27,79
MN,1,80,43,121
MN,1,82,4,18
MN,1,85,44,71
MN,1,90,87,175
MN,1,95,7,22
MN,1,100,5,15
MN,1,105,8,6
MN,1,110,36,72
MN,1,115,4,16
MN,1,120,62,74
MN,1,125,10,36
MN,1,130,37,57
MN,1,132,13,12
MN,1,135,77,127
MN,1,140,25,62
MN,1,145,230,406
MN,1,150,31,40
MN,1,155,9,37
MN,1,160,20,52
MN,1,165,24,27
MN,1,170,4,31
MN,1,175,291,402
MN,1,180,43,52
MN,1,185,107,203
MN,1,190,16,13
MN,1,195,39,60
MN,1,200,9,18
MN,1,205,55,120
MN,1,210,65,126
MN,1,215,82,121
MN,1,220,5,11
MN,1,225,19,44
MN,1,230,37,76
MN,1,240,5,21
MN,1,255,8,9
MN,1,260,30,53
MN,1,285,12,21
MN,1,290,8,38
MN,4,32,77,111
MN,4,50,23,34
MN,4,55,69,194
MN,4,65,15,61
MN,4,70,27,71
MN,4,80,328,466
MN,4,85,3,4
MN,4,95,47,136
MN,4,105,87,279
MN,4,110,24,78
MN,4,135,11,95
MN,4,160,38,71
MN,4,165,61,84
MN,4,170,757,1314
MN,4,175,0,27
MN,4,185,124,252
MN,4,190,9,23
MN,4,210,4,90
MN,4,235,42,42
MN,4,240,19,137
MN,4,245,11,43
MN,4,250,273,139
MN,4,255,25,65
MN,4,260,301,478
MN,4,265,29,20
MN,4,270,319,404
MN,4,285,40,49
MN,9,5,92,115
MN,9,10,33,45
MN,9,15,91,123
MN,9,20,288,311
MN,9,25,23,32
MN,9,30,240,256
MN,9,35,273,182
MN,9,40,649,608
MN,9,45,515,427
MN,9,50,555,459
MN,9,55,563,488
MN,9,60,552,476
MN,9,65,184,52
MN,9,68,26,42
MN,9,70,35,31
MN,9,75,49,38
MN,9,80,127,174
MN,9,85,42,69
MN,9,90,51,95
MN,9,95,45,28
MN,9,100,49,49
MN,9,105,152,175
MN,9,110,377,266
MN,9,115,203,284
MN,9,118,7,3
MN,9,120,296,182
MN,9,125,58,74
MN,9,130,73,84
MN,9,135,291,201
MN,9,140,124,205
MN,9,145,102,136
MN,9,150,99,118
MN,9,155,28,49
MN,9,165,1337,1503
MN,9,170,568,561
MN,9,175,130,83
MN,9,180,114,119
MN,9,185,19,17
MN,11,5,4,33
MN,11,10,33,56
MN,11,15,65,170
MN,11,20,36,183
MN,11,25,17,13
MN,11,30,12,31
MN,11,35,115,248
MN,11,40,15,23
MN,11,45,32,46
MN,11,50,0,6
MN,11,55,10,27
MN,11,60,14,39
MN,11,65,15,70
MN,11,70,19,58
MN,11,75,139,56
MN,11,80,30,40
MN,11,85,162,190
MN,11,90,19,47
MN,11,95,205,458
MN,11,100,123,391
MN,11,105,20,24
MN,11,110,41,53
MN,11,115,78,92
MN,11,118,5,16
MN,11,120,105,144
MN,11,125,25,91
MN,11,130,34,68
MN,11,135,117,216
MN,11,140,197,483
MN,11,145,69,187
MN,11,150,13,30
MN,11,155,26,73
MN,11,160,78,175
MN,11,165,16,39
MN,11,170,41,158
MN,11,175,68,400
MN,11,180,13,76
MN,11,185,12,48
MN,11,187,0,9
MN,11,188,13,25
MN,11,190,342,170
MN,11,195,49,150
MN,11,200,62,71
MN,11,205,93,245
MN,11,210,126,442
MN,11,215,148,242
MN,11,220,5,51
MN,11,225,133,292
MN,11,230,54,96
MN,11,235,21,65
MN,11,237,0,1
MN,11,240,17,40
MN,11,245,9,42
MN,11,247,0,0
MN,11,250,309,560
MN,11,252,34,18
MN,11,255,33,74
MN,11,260,13,28
MN,11,262,3,2
MN,11,265,418,988
MN,11,270,56,119
MN,11,275,23,48
MN,11,280,40,79
MN,11,285,129,261
MN,11,290,101,177
MN,11,295,19,66
MN,11,300,48,137
MN,11,305,227,297
MN,11,310,97,77
MN,11,312,9,10
MN,11,315,51,214
MN,11,317,34,55
MN,11,320,210,273
MN,13,5,161,327
MN,13,15,174,174
MN,13,20,1032,1814
MN,13,25,503,836
MN,13,30,524,886
MN,13,35,360,832
MN,13,40,347,578
MN,13,45,180,403
MN,13,50,465,1252
MN,13,55,938,1437
MN,13,60,300,766
MN,13,65,403,941
MN,13,66,638,1418
MN,13,67,395,961
MN,13,70,300,567
MN,13,75,119,296
MN,13,80,139,292
MN,13,85,191,398
MN,13,86,12,18
MN,13,90,194,475
MN,13,95,290,747
MN,13,100,227,296
MN,13,105,1386,2727
MN,16,5,105,53
MN,16,10,244,128
MN,16,15,233,114
MN,16,20,106,50
MN,16,25,106,88
MN,16,30,193,132
MN,16,35,184,107
MN,16,40,171,119
MN,16,45,63,49
MN,16,50,98,52
MN,16,55,89,44
MN,16,60,85,34
MN,16,65,235,186
MN,18,5,619,1054
MN,18,6,382,610
MN,18,7,370,619
MN,18,8,288,550
MN,18,10,223,401
MN,18,15,235,312
MN,18,16,372,584
MN,18,20,231,426
MN,18,25,269,289
MN,18,35,196,355
MN,18,40,283,435
MN,18,42,4,1
MN,18,45,233,464
MN,18,50,209,328
MN,18,55,419,969
MN,18,60,174,385
MN,18,65,277,391
MN,18,70,142,215
MN,18,75,238,604
MN,18,76,227,454
MN,18,80,259,716
MN,18,82,1,7
MN,18,85,54,87
MN,18,90,52,234
MN,18,95,244,647
MN,18,100,17,37
MN,18,105,71,136
MN,18,110,296,525
MN,18,115,143,367
MN,18,120,72,125
MN,18,125,82,217
MN,18,130,4,27
MN,18,135,118,381
MN,18,140,2,37
MN,18,145,26,54
MN,18,150,193,335
MN,18,155,214,544
MN,18,160,169,448
MN,18,165,24,24
MN,18,170,104,151
MN,18,175,42,129
MN,18,180,60,193
MN,18,185,384,847
MN,18,190,371,895
MN,18,195,10,18
MN,18,200,184,429
MN,18,205,11,27
MN,18,210,98,313
MN,18,215,162,352
MN,18,220,432,811
MN,18,225,143,335
MN,18,230,293,624
MN,18,235,73,226
MN,18,240,352,749
MN,18,245,43,135
MN,18,250,26,125
MN,18,255,64,133
MN,18,260,92,215
MN,18,265,53,63
MN,18,275,82,241
MN,18,280,27,67
MN,18,285,17,23
MN,18,290,86,133
MN,18,295,341,659
MN,29,5,53,116
MN,29,10,102,199
MN,29,15,101,262
MN,29,20,21,39
MN,29,22,16,33
MN,29,25,35,69
MN,29,30,71,137
MN,29,35,172,288
MN,29,37,21,25
MN,29,40,39,98
MN,29,45,68,214
MN,29,50,61,152
MN,29,52,22,27
MN,29,55,247,583
MN,29,60,38,118
MN,29,65,222,590
MN,29,70,117,305
MN,29,75,11,37
MN,29,80,254,363
MN,29,85,52,166
MN,29,90,24,74
MN,29,95,168,228
MN,29,97,11,25
MN,29,100,22,38
MN,29,105,123,210
MN,29,110,60,133
MN,29,115,220,407
MN,29,120,232,394
MN,29,122,331,661
MN,29,125,90,163
MN,29,130,11,52
MN,29,135,23,43
MN,29,137,0,2
MN,29,140,101,297
MN,29,145,17,9
MN,29,150,161,514
MN,29,152,16,29
MN,29,155,90,161
MN,30,5,297,760
MN,30,10,500,1329
MN,30,15,224,465
MN,30,20,887,1303
MN,30,22,544,1070
MN,30,25,402,909
MN,30,30,77,325
MN,30,35,356,1075
MN,30,37,298,730
MN,30,40,360,884
MN,30,45,111,297
MN,30,50,306,688
MN,30,55,125,377
MN,30,57,0,2
MN,30,60,199,680
MN,30,65,197,620
MN,30,70,174,423
MN,30,75,319,998
MN,30,80,281,700
MN,31,5,3,15
MN,31,10,178,305
MN,31,15,30,67
MN,31,20,69,67
MN,31,25,132,190
MN,31,30,511,965
MN,31,35,222,434
MN,31,40,58,53
MN,31,45,56,68
MN,31,50,43,96
MN,31,55,137,307
MN,31,60,145,159
MN,31,65,58,56
MN,31,70,122,163
MN,31,74,48,93
MN,31,76,33,57
MN,31,85,405,538
MN,31,90,174,204
MN,31,95,0,2
MN,31,96,122,208
MN,31,100,0,0
MN,31,101,93,214
MN,31,110,18,22
MN,31,120,78,93
MN,31,125,16,59
MN,31,130,106,169
MN,31,135,71,90
MN,31,140,421,575
MN,31,145,575,661
MN,31,151,398,508
MN,31,155,769,930
MN,31,175,4,21
MN,31,184,71,62
MN,31,189,7,8
MN,31,195,143,181
MN,31,200,659,1162
MN,31,205,54,38
MN,31,215,261,230
MN,31,220,15,46
MN,31,225,53,71
MN,31,227,125,195
MN,31,230,127,103
MN,31,235,3,22
MN,31,240,147,147
MN,31,244,55,44
MN,31,245,60,90
MN,31,247,123,160
MN,31,249,90,166
MN,31,255,16,33
MN,31,260,152,159
MN,31,265,2,28
MN,31,270,79,198
MN,31,271,0,0
MN,31,280,254,184
MN,31,285,185,210
MN,31,290,3,17
MN,31,295,34,107
MN,31,300,3,11
MN,31,305,31,59
MN,31,310,37,65
MN,31,320,35,101
MN,31,327,43,86
MN,31,330,16,9
MN,31,335,58,63
MN,31,338,46,54
MN,31,339,92,124
MN,31,340,231,399
MN,31,345,12,19
MN,31,350,242,362
MN,31,355,134,175
MN,31,360,44,30
MN,31,365,10,21
MN,31,370,3,12
MN,31,371,61,132
MN,31,372,37,46
MN,31,375,45,47
MN,31,380,17,31
MN,31,385,5,24
MN,33,5,72,140
MN,33,10,307,615
MN,33,15,0,0
MN,33,20,199,464
MN,33,25,161,351
MN,33,30,16,88
MN,33,35,105,378
MN,33,40,21,39
MN,33,45,32,90
MN,33,50,54,162
MN,33,55,93,333
MN,33,60,193,409
MN,33,65,29,81
MN,33,70,556,854
MN,33,80,53,116
MN,33,85,141,315
MN,33,90,46,154
MN,33,95,15,32
MN,33,100,90,280
MN,33,105,144,329
MN,36,5,39,86
MN,36,23,10,21
MN,36,50,300,496
MN,36,55,323,381
MN,36,60,483,574
MN,36,70,24,58
MN,36,75,276,332
MN,36,80,116,187
MN,36,82,91,165
MN,36,83,86,178
MN,36,90,114,191
MN,36,100,7,21
MN,36,115,24,42
MN,36,120,58,43
MN,36,121,90,113
MN,36,140,22,48
MN,36,170,14,52
MN,36,175,0,0
MN,36,180,78,223
MN,36,185,87,175
MN,36,190,12,9
MN,36,195,52,174
MN,38,5,23,53
MN,38,10,67,106
MN,38,20,75,70
MN,38,25,136,85
MN,38,35,231,207
MN,38,40,139,166
MN,38,50,255,399
MN,38,60,370,300
MN,38,65,38,63
MN,38,70,266,195
MN,38,80,181,171
MN,38,90,268,203
MN,38,105,321,212
MN,38,110,43,40
MN,38,115,137,92
MN,38,120,205,188
MN,38,125,190,197
MN,38,130,111,122
MN,38,135,21,63
MN,48,5,6,22
MN,48,10,149,545
MN,48,15,181,662
MN,48,20,26,63
MN,48,25,26,81
MN,48,30,162,259
MN,48,35,52,164
MN,48,40,151,460
MN,48,45,60,186
MN,48,50,161,242
MN,48,55,78,214
MN,48,60,376,212
MN,48,65,7,9
MN,48,70,451,845
MN,48,75,171,614
MN,48,80,158,563
MN,48,85,7,34
MN,48,90,130,173
MN,48,95,73,162
MN,48,100,84,260
MN,48,105,34,69
MN,48,110,711,1302
MN,48,115,269,856
MN,48,120,138,261
MN,48,125,49,82
MN,49,5,58,268
MN,49,10,59,328
MN,49,15,131,517
MN,49,20,25,95
MN,49,25,13,105
MN,49,30,25,290
MN,49,35,25,243
MN,49,45,32,187
MN,49,50,80,296
MN,49,55,51,254
MN,49,60,7,53
MN,49,65,56,475
MN,49,70,20,103
MN,49,75,4,27
MN,49,80,32,203
MN,49,85,84,324
MN,49,90,17,26
MN,49,95,8,6
MN,49,100,20,79
MN,49,105,49,177
MN,49,110,13,33
MN,49,115,8,91
MN,49,120,430,722
MN,49,125,560,1224
MN,49,130,248,787
MN,49,135,240,700
MN,49,140,42,282
MN,49,145,65,177
MN,49,150,21,92
MN,49,155,9,33
MN,49,160,60,162
MN,49,165,115,551
MN,49,170,22,241
MN,49,175,97,436
MN,49,180,19,136
MN,49,185,36,120
MN,49,195,70,238
MN,49,200,43,197
MN,49,205,77,319
MN,49,210,21,88
MN,49,215,124,406
MN,49,220,223,572
MN,49,225,23,73
MN,49,230,89,323
MN,49,235,37,110
MN,49,240,30,227
MN,49,245,77,362
MN,49,250,42,167
MN,58,5,58,130
MN,58,10,13,44
MN,58,15,74,80
MN,58,20,80,168
MN,58,25,52,61
MN,58,30,53,77
MN,58,35,18,19
MN,58,40,61,142
MN,58,45,17,21
MN,58,50,32,39
MN,58,55,162,321
MN,58,60,53,131
MN,58,65,20,28
MN,58,70,5,40
MN,58,75,110,258
MN,58,80,2,10
MN,58,85,31,98
MN,58,90,54,147
MN,58,95,21,33
MN,58,100,15,13
MN,58,105,233,327
MN,58,110,113,273
MN,58,115,6,9
MN,58,120,56,75
MN,58,125,108,160
MN,58,135,73,196
MN,58,140,41,104
MN,58,145,10,20
MN,58,150,26,48
MN,58,155,68,84
MN,58,160,68,53
MN,58,165,8,10
MN,58,170,89,237
MN,58,175,509,756
MN,58,185,227,473
MN,58,190,86,216
MN,58,195,527,919
MN,58,200,236,557
MN,58,205,152,448
MN,58,207,31,54
MN,58,210,224,281
MN,58,215,92,276
MN,58,221,63,103
MN,58,223,3,0
MN,58,225,63,98
MN,58,230,83,81
MN,58,235,15,38
MN,58,240,439,435
MN,69,5,56,65
MN,69,10,131,127
MN,69,15,79,33
MN,69,20,57,68
MN,69,25,49,49
MN,69,30,43,29
MN,69,31,27,16
MN,69,35,319,479
MN,69,40,216,276
MN,69,45,10,11
MN,69,50,141,166
MN,69,55,261,216
MN,69,60,234,289
MN,69,65,162,210
MN,69,66,3,2
MN,69,70,298,281
MN,69,75,21,11
MN,69,80,214,265
MN,69,85,528,711
MN,69,90,42,60
MN,69,95,230,245
MN,69,100,1161,963
MN,69,115,223,276
MN,69,120,72,120
MN,69,125,130,122
MN,69,130,137,148
MN,69,133,19,53
MN,69,135,65,43
MN,69,140,850,403
MN,69,145,862,361
MN,69,150,1021,507
MN,69,155,878,487
MN,69,160,900,466
MN,69,165,1378,754
MN,69,170,1080,516
MN,69,175,1103,565
MN,69,180,701,281
MN,69,190,1041,669
MN,69,195,1546,962
MN,69,200,1016,369
MN,69,205,956,365
MN,69,210,952,351
MN,69,215,1138,353
MN,69,220,1268,625
MN,69,230,837,250
MN,69,240,572,194
MN,69,245,408,144
MN,69,250,479,186
MN,69,255,596,248
MN,69,260,750,519
MN,69,265,769,564
MN,69,270,841,576
MN,69,275,780,548
MN,69,280,683,310
MN,69,285,610,306
MN,69,290,360,188
MN,69,295,878,427
MN,69,300,757,403
MN,69,305,595,395
MN,69,315,992,582
MN,69,320,441,321
MN,69,325,807,569
MN,69,435,655,531
MN,69,437,78,87
MN,69,440,57,65
MN,69,445,21,49
MN,69,450,799,925
MN,69,470,114,197
MN,69,475,714,600
MN,69,480,146,123
MN,69,505,24,20
MN,69,510,568,640
MN,69,515,77,126
MN,69,520,18,47
MN,69,525,122,94
MN,69,530,66,62
MN,69,540,408,505
MN,69,545,181,196
MN,69,550,422,458
MN,69,565,496,543
MN,69,570,674,836
MN,69,575,110,142
MN,69,580,33,41
MN,69,585,304,323
MN,69,590,32,42
MN,69,591,12,18
MN,69,595,930,776
MN,69,600,706,614
MN,69,605,995,876
MN,69,615,172,166
MN,69,620,101,82
MN,69,625,265,250
MN,69,630,221,292
MN,69,635,423,443
MN,69,640,191,227
MN,69,645,147,170
MN,69,650,225,246
MN,69,655,534,438
MN,69,660,627,588
MN,69,665,768,779
MN,69,735,522,569
MN,69,750,201,195
MN,69,755,18,35
MN,69,760,40,37
MN,69,765,49,42
MN,69,770,646,626
MN,69,775,75,76
MN,69,780,68,146
MN,69,785,15,13
MN,69,790,24,43
MN,69,795,109,136
MN,69,797,32,20
MN,69,799,27,16
MN,69,800,83,76
MN,69,805,399,398
MN,69,810,24,24
MN,69,815,403,410
MN,69,820,402,386
MN,69,821,32,11
MN,69,825,398,347
MN,69,840,12,23
MN,69,845,89,87
MN,69,850,207,208
MN,69,852,74,63
MN,69,855,45,64
MN,69,857,118,88
MN,69,860,34,93
MN,69,865,41,104
MN,69,875,56,50
MN,69,880,118,114
MN,69,881,28,28
MN,69,885,28,76
MN,69,890,10,16
MN,69,895,903,655
MN,69,910,1167,1090
MN,69,915,94,115
MN,69,920,547,558
MN,69,925,80,55
MN,69,930,43,33
MN,69,935,33,67
MN,69,940,112,126
MN,69,942,0,0
MN,69,945,81,73
MN,69,950,80,83
MN,69,960,163,263
MN,69,962,0,1
MN,69,965,66,72
MN,69,970,206,359
MN,69,971,30,59
MN,69,973,9,17
MN,69,975,130,106
MN,69,976,0,0
MN,69,979,3,0
MN,69,990,2,4
MN,69,999,19,35
MN,69,1000,37,85
MN,69,1001,57,6
MN,69,1002,27,56
MN,69,1005,22,11
MN,69,1011,2,18
MN,69,1030,60,41
MN,69,1035,99,97
MN,69,1040,497,433
MN,69,1045,344,383
MN,69,1050,355,254
MN,69,1055,346,345
MN,69,1060,434,439
MN,69,1125,57,74
MN,69,1130,402,428
MN,69,1135,141,259
MN,69,1136,177,216
MN,69,1140,18,38
MN,69,1145,29,53
MN,69,1150,142,167
MN,69,1155,86,63
MN,69,1160,35,58
MN,80,5,7,17
MN,80,10,56,209
MN,80,15,93,323
MN,80,20,20,96
MN,80,25,19,40
MN,80,30,19,92
MN,80,32,25,85
MN,80,35,13,90
MN,80,40,16,80
MN,80,45,185,465
MN,80,50,8,31
MN,80,55,28,129
MN,80,60,34,67
MN,80,65,50,193
MN,80,70,60,148
MN,80,75,76,218
MN,80,80,46,72
MN,80,85,105,237
MN,80,90,111,323
MN,80,95,53,190
MN,80,100,171,379
MN,80,105,142,313
MN,80,110,229,440
MN,80,120,88,377
MN,80,125,30,223
