STATE,RACE,S1_DEM_RATIO,S2_DEM_RATIO,S3_DEM_RATIO,S4_DEM_RATIO,S5_DEM_RATIO,S6_DEM_RATIO,S1_REP_RATIO,S2_REP_RATIO,S3_REP_RATIO,S4_REP_RATIO,S5_REP_RATIO,S6_REP_RATIO,S1_COR(DD),S2_COR(DD),S3_COR(DD),S4_COR(DD),S5_COR(DD),S6_COR(DD),S1_COR(RR),S2_COR(RR),S3_COR(RR),S4_COR(RR),S5_COR(RR),S6_COR(RR),TIGHT_RACE,WINNER
GA,D,0.972847481,0.880837296,0.934738639,0.90926392,0.980086928,0.93842809,1.005641195,1.034671159,1.02870061,1.060084181,1.017653785,2.286541654,0.893089544,0.950943849,0.948831828,0.992533613,0.975229683,0.968777942,0.943364215,0.976895993,0.886675852,0.983272508,0.984967371,0.832797949,FALSE,R
GA,D,1.042872524,1.023110792,0.947696878,0.977349453,0.967845,0.977527634,0.998378328,0.996033546,1.009395662,1.004759056,1.011839392,1.018277897,0.943756329,0.965873668,0.973821859,0.951554327,0.937927884,0.916904029,0.977416097,0.981945541,0.991278531,0.945773749,0.926077301,0.973912915,FALSE,R
GA,D,1.057205827,1.03240338,1.016868914,1.003231099,1.014418718,1.010240026,0.963699612,0.945909121,0.950839437,0.994359042,0.787849308,1.074437299,0.984093992,0.944402747,0.961134138,0.516663713,0.900026818,0.936768678,0.977355616,0.920449638,0.925857462,0.445100123,0.92712197,0.782898406,FALSE,D
GA,D,1.132094199,1.084751553,1.055107411,0.97753376,0.978053413,0.982303933,0.986913923,0.988935345,0.990441938,1.004345872,1.006347022,1.040486373,0.959135386,0.93447989,0.956246012,0.975049479,0.973522288,0.975227762,0.991287038,0.982673459,0.979748829,0.981854209,0.985001697,0.979031283,FALSE,R
GA,D,1.05385273,1.014177456,0.980798735,0.995695384,0.979253301,0.976380035,0.995590342,0.996644545,1.006715224,0.993460357,1.050883485,1.471116437,0.916450117,0.95270408,0.943529531,0.977301501,0.935996763,0.989362376,0.969014384,0.979367559,0.950570498,0.958653049,0.955761639,0.965287095,FALSE,R
GA,D,1.001525155,1.01521093,1.012456398,0.971848291,0.996289335,0.996281303,0.99574373,0.991138594,0.990574866,1.027535713,1.007175262,1.009096744,0.967408739,0.973506677,0.960301994,0.86281676,0.971845509,0.97474406,0.959791804,0.98334525,0.975595966,0.903189098,0.966001344,0.892913883,TRUE,D
GA,D,1.041078769,1.041118091,0.973923764,0.957647532,0.975376799,0.96725164,0.993519944,0.989639157,1.010325829,1.02175532,1.016311527,1.045895107,0.883513694,0.799612784,0.950107769,0.940039225,0.988195244,0.935651502,0.884228662,0.715106509,0.857200222,0.921280301,0.947933302,0.93920956,FALSE,R
GA,D,0.980337101,0.967338448,0.994134317,0.970953006,0.952501814,0.966612685,1.004112601,1.008839606,1.002178508,1.01329731,1.0642814,1.143587449,0.977298718,0.905321202,0.97974765,0.994249303,0.981746889,0.947486415,0.99055719,0.932429245,0.978354229,0.974915681,0.972199428,0.942001354,FALSE,R
GA,D,0.929534399,0.966635959,0.924382643,0.962664794,0.968563054,0.962430931,1.010973434,1.008623336,1.024311604,1.018370193,1.02079117,1.141550338,0.911850234,0.942895287,0.953255523,0.973075631,0.877965267,0.888058102,0.944884577,0.9746612,0.979747342,0.988452805,0.888698926,0.94465849,FALSE,R
GA,D,1.08152426,1.012595213,1.014627962,0.998853573,1.003064492,0.999717119,0.951883012,0.977113149,0.956917081,1.019151908,0.945116235,1.005072344,0.913175925,0.949421409,0.903373342,0.920371124,0.935447213,0.751871452,0.930327365,0.919688395,0.849548101,0.799521586,0.842278854,0.727477369,FALSE,D
GA,D,1.905841802,1.239266757,1.157360949,1.087204093,1.015247597,0.992969194,0.888044309,0.919693085,0.886341863,0.881593824,0.950017326,1.305124141,0.95759587,0.961415095,0.980763303,0.985822635,0.989523243,0.978400525,0.989109767,0.985559069,0.992148332,0.970572211,0.986303254,0.893098759,FALSE,D
AR,D,1.192305366,0.970245863,0.874613023,0.836268847,0.807586178,0.906605651,0.985118455,1.00671587,1.036312159,1.062763064,1.124937809,1.55115648,0.657254539,0.7916639,0.83165246,0.6765923,0.721693056,0.938998834,0.835002017,0.874064436,0.784503861,0.589085432,0.436421516,0.912270782,FALSE,R
AR,D,1.363229382,0.915670871,0.854644326,0.852140782,0.895099415,0.895058479,0.962175566,1.017097885,1.035127939,1.051282928,1.055099405,1.135393637,0.913420481,0.888763766,0.733196132,0.75827624,0.968195082,0.948366997,0.934234366,0.919973544,0.635077035,0.765526707,0.959184109,0.871997617,FALSE,R
AR,D,1.193817792,1.012121427,0.969127946,0.962710266,0.927894487,0.976234398,0.985581464,0.99777458,1.008543849,1.013140828,1.070989226,1.574378946,0.832098914,0.707615697,0.749184142,0.745685501,0.621992442,0.814763716,0.905140694,0.869586078,0.744091767,0.740585108,0.664654072,0.703880549,FALSE,R
AR,D,1.588007617,1.188731289,1.231404479,1.087413381,1.077474295,0.980043813,0.925218818,0.96088314,0.940709453,0.969077022,0.963955057,1.039862699,0.230868093,0.450098655,0.379058431,0.359201528,0.29439974,0.447643727,0.498912032,0.736895917,0.528512775,0.287159092,0.308448633,-0.231228949,FALSE,R
AR,G,1.182664447,0.942972995,0.855487361,0.842791165,0.825695016,0.858434423,0.985248441,1.011541605,1.039787439,1.060435619,1.117819585,2.05521791,0.703210038,0.719606187,0.64254891,0.669662444,0.962312548,0.884104803,0.852228324,0.831877197,0.661089252,0.657843393,0.932351616,0.728177445,FALSE,R
NM,D,1.108318726,1.052920676,1.052989089,1.057981777,1.033822973,1.014028306,0.952518841,0.942085191,0.927841342,0.897511665,0.911853137,0.929254787,0.99158642,0.987137773,0.988833272,0.975477482,0.975219122,0.96275107,0.993938925,0.985343103,0.977029285,0.947929773,0.941228331,0.960094396,FALSE,D
NM,D,1.552708031,1.273255789,1.17467758,1.121551764,1.081897176,1.044073463,0.895686601,0.821375921,0.77266673,0.69596084,0.704133839,0.693881614,0.981794774,0.988627061,0.994328794,0.9941775,0.994884189,0.993616243,0.992512146,0.980438454,0.988455961,0.960498499,0.980365814,0.97435199,FALSE,D
NM,D,1.396792358,1.276767292,1.21178233,1.131227312,1.075620858,1.029403305,0.939274753,0.894107106,0.869666679,0.880415902,0.885164221,0.976808651,0.982324297,0.979171953,0.985321019,0.977883082,0.967637858,0.930689101,0.993567073,0.991819166,0.986639579,0.983432834,0.978971034,0.922089857,TRUE,D
MN,D,2.886130969,2.041189381,1.834862279,1.635114463,1.549111017,1.36999472,0.714034226,0.705368473,0.689210194,0.702533632,0.678264383,0.681169241,0.950138172,0.990445517,0.980946758,0.994954771,0.991940839,0.987853005,0.984977183,0.99131446,0.988533991,0.993792826,0.993232532,0.991274237,TRUE,D
MN,D,1.507713007,1.344783235,1.275507978,1.219699733,1.193665652,1.113509415,0.892163518,0.878491932,0.87433687,0.874554418,0.853069376,0.850876516,0.972671053,0.988751529,0.986519339,0.99607629,0.993901563,0.987031892,0.991235884,0.994289317,0.992096706,0.99563646,0.994060338,0.96628909,TRUE,R
MN,D,1.227969202,1.150533051,1.063602513,1.075563958,1.049924513,1.024196625,0.945333129,0.944609994,0.970540372,0.95531287,0.962813677,0.969106518,0.993489462,0.98745036,0.996470786,0.99723375,0.989474526,0.980188532,0.993846387,0.969332906,0.995756106,0.988415324,0.981228964,0.977049913,FALSE,R
MN,D,1.451370371,1.235531936,1.210397778,1.155333527,1.076879087,1.053558705,0.910483467,0.908823348,0.893216476,0.897596942,0.931338478,0.915578982,0.990716022,0.993290684,0.996713713,0.97918629,0.928211568,0.988798277,0.994064544,0.993616919,0.994769322,0.991362034,0.947203869,0.971896072,TRUE,R
MN,D,1.077408511,1.039385697,1.016847243,0.991520157,0.996192475,0.994685019,0.947509124,0.962569276,0.98089345,1.011337736,1.005840766,1.013010389,0.994201497,0.996342733,0.980039223,0.991320383,0.982323961,0.943678924,0.985855378,0.981780867,0.959549199,0.982635129,0.947652823,0.953763615,FALSE,D
MN,D,1.085413322,1.068009375,1.046289913,1.015739519,1.012057754,0.999351271,0.917163387,0.912925642,0.927051342,0.949475849,0.952985401,1.023296419,0.976143617,0.987388867,0.932748259,0.949043017,0.975856729,0.967789853,0.976859063,0.968388968,0.950562129,0.919171452,0.92812552,0.933451154,FALSE,D
MN,D,0.981649082,0.973519512,0.970976866,0.977521261,0.974030896,0.984483658,1.032285856,1.063068814,1.098430584,1.115308493,1.215601004,1.20251002,0.987815561,0.982543342,0.98036916,0.986056574,0.986166353,0.986816105,0.940163048,0.959956916,0.878816427,0.931470378,0.899504336,0.946203615,FALSE,D
MN,D,1.251661947,1.161545746,1.111621836,1.060351908,1.051022844,1.014932848,0.915017982,0.909561335,0.916496516,0.942274724,0.938134311,0.984977296,0.996986298,0.996550969,0.988043853,0.988737312,0.990750554,0.988120153,0.995912515,0.995880539,0.981689863,0.971024035,0.979752843,0.95905732,TRUE,D
MN,S,1.623681943,1.336375066,1.255546531,1.187625619,1.092864784,1.025427424,0.878653703,0.875452329,0.871523683,0.871875416,0.903228842,0.961341509,0.990575264,0.994884117,0.997454501,0.994737754,0.987237354,0.985157727,0.994906071,0.992053093,0.994409824,0.989288979,0.975556359,0.965703209,FALSE,D
NC,D,1.092976623,1.041136263,1.042410411,1.034314644,1.011350494,0.99726388,0.908997384,0.925141162,0.890530168,0.876258434,0.93253187,1.045069163,0.992187995,0.997184605,0.981935475,0.961264709,0.994323661,0.983085527,0.986925044,0.98625806,0.984222866,0.893956669,0.98556541,0.974393482,FALSE,D
NC,D,1.153817005,1.098519797,1.077013571,1.037849651,1.018230619,1.011282551,0.972191096,0.965379884,0.948295475,0.956536274,0.965291996,0.948141758,0.980761404,0.930203106,0.983310431,0.852687025,0.958929396,0.724653881,0.992452713,0.890780591,0.979608902,0.84248776,0.982871777,0.899340239,TRUE,R
NC,D,1.167229882,1.151356597,1.148106142,1.141448716,1.097842056,1.057357213,0.932394729,0.915161738,0.885444909,0.867794594,0.893091422,0.913229692,0.789433699,0.876818748,0.944839813,0.759108799,0.937068706,0.881682649,0.845361722,0.941262801,0.939304573,0.821605896,0.988648074,0.980617072,TRUE,R
NC,D,1.133583044,1.095765982,1.110066807,1.007453324,0.994113999,1.007055489,0.981124644,0.968818546,0.941130619,0.995090967,1.00324001,1.109614527,0.779237933,0.935444734,-0.104474005,0.476937584,-0.066751804,0.018585817,0.900078672,0.939350384,-0.034760226,0.64045019,-0.109939282,-0.076923689,TRUE,R
NC,D,1.205028343,1.080544559,1.06137729,1.042019462,0.998764401,0.992151116,0.921814531,0.943155967,0.935900959,0.917604231,1.008843901,1.211364237,0.901831947,0.974902928,0.848853452,0.555343644,0.601178301,0.588965898,0.934815804,0.982648414,0.802345989,0.822292608,0.828753078,0.720254308,FALSE,D
NC,D,1.082609506,1.01682809,1.021120926,1.027475857,0.976901457,0.991487654,0.98038599,0.99222372,0.984886356,0.973452724,1.031889312,1.065806845,0.992598558,0.964624175,0.944020001,0.972414643,0.944472346,0.945642213,0.994811895,0.983795662,0.975378355,0.991057219,0.960828661,0.981612245,TRUE,R
NC,D,1.175225038,1.105841117,1.043734592,1.032311157,0.917144102,0.975486697,0.964447306,0.958115892,0.975110703,0.973828972,1.119513838,1.120401057,0.869362372,0.472668045,0.217446659,0.985188398,0.546775568,0.58188064,0.8809362,0.532891772,0.392358034,0.981863597,0.719865092,0.877696902,FALSE,R
NC,D,1.189061703,1.182616871,1.128820485,1.106886697,1.083385779,1.089741767,0.962334246,0.941920455,0.947254777,0.944271786,0.943373783,0.872031647,0.951941223,0.81095301,0.740313076,0.856410723,0.937902622,0.82909407,0.949491505,0.870943429,0.867549551,0.930943251,0.937537061,0.767284049,FALSE,R
NC,D,1.20874261,1.143392341,1.115666377,1.101365219,1.094119641,1.053061739,0.962574767,0.960399006,0.953135027,0.938946127,0.912974966,0.833457252,0.846898462,0.524087326,0.771846855,0.759998915,0.978508075,0.942923601,0.878415721,0.747890876,0.880917169,0.847675057,0.99069005,0.996692138,FALSE,R
NC,D,1.251469595,1.140248575,1.146068256,1.123996513,1.086923894,1.036288802,0.814644398,0.847479848,0.799312985,0.775165602,0.778868681,0.796305219,0.332481043,0.961480976,0.460010934,0.703946618,0.947243447,0.977175792,0.050703189,0.944438541,0.396055759,0.654313855,0.915028239,0.968317294,FALSE,D
NC,D,1.116724389,1.088852706,1.00559021,1.016052083,1.019434291,0.990943745,0.980695756,0.966122229,0.989409396,0.96699158,0.956008545,1.283131532,0.968103192,0.832492994,0.97397823,0.97679613,0.984346677,0.799835417,0.903672682,0.947298578,0.97038617,0.954455521,0.969852098,0.941932535,FALSE,D
NC,D,1.097613079,1.054259933,1.029781656,1.098884508,1.037301049,1.010195774,0.970667148,0.975322666,0.982424415,0.93246641,0.967277705,1.00925358,0.743685024,0.717532797,0.975879429,0.921066235,0.992888982,0.996191832,0.803831967,0.754446996,0.965663461,0.927734464,0.997143495,0.971929329,FALSE,R
VA,D,1.490651697,1.375148962,1.378465699,1.282014371,1.215267513,1.098805509,0.929677883,0.925818196,0.908018506,0.915882232,0.913263474,0.942356408,0.980991202,0.97529654,0.979669337,0.981913539,0.988357979,0.991224251,0.98840657,0.973910289,0.990509842,0.988792114,0.988269012,0.987297067,FALSE,R
VA,D,1.160710912,1.120047379,1.108650315,1.109688591,1.092049968,1.047957869,0.94577834,0.935285393,0.923017745,0.903084121,0.894796025,0.893265222,0.9776469,0.986284489,0.991215923,0.986642862,0.844577155,0.968094698,0.980080141,0.985975852,0.985065007,0.959145478,0.970496694,0.969672816,TRUE,D
VA,D,1.053796377,1.029104002,1.042848486,1.060924584,1.044002473,1.018834314,0.98181069,0.987328578,0.974612556,0.955799489,0.954956379,0.970567649,0.9786846,0.986494,0.986932701,0.982830625,0.886032606,0.96146618,0.98890177,0.992225263,0.988512734,0.974794072,0.869870444,0.974424113,FALSE,R
VA,D,1.279706382,1.137634595,1.12456341,1.09894104,1.07188045,1.057118257,0.945686613,0.959057488,0.952974033,0.951828873,0.948998168,0.92394557,0.964952503,0.984087895,0.992640342,0.923380386,0.982220338,0.922073326,0.883188643,0.978615425,0.989019691,0.904842271,0.969048759,0.919789916,FALSE,R
VA,D,1.010605425,0.999042796,0.993854421,0.983543902,0.97719766,0.982158685,0.984790487,1.000755569,1.017992225,1.059213564,1.095543251,1.098364568,0.925216694,0.942816131,0.950568266,0.673347097,0.90661758,0.964749674,0.949660534,0.916718111,0.905984404,0.742340283,0.853593548,0.869976107,FALSE,D
VA,D,1.059561279,1.038355189,1.034084627,1.031791355,1.028462329,1.023249494,0.90748612,0.929053367,0.928562704,0.925645355,0.91985866,0.903252318,0.988001918,0.992608513,0.987998668,0.988569976,0.984429605,0.855637454,0.989419003,0.986481976,0.970745853,0.985972565,0.951618699,0.876908579,FALSE,D
VA,D,1.110026814,1.028074378,1.017755852,1.004660588,1.014665547,1.004801975,0.949926455,0.976838508,0.979338929,0.994177767,0.975638516,0.989844825,0.972108574,0.938692775,0.947281818,0.887435372,0.700849525,0.796822788,0.967892824,0.96918285,0.820393136,0.899299264,0.639116167,0.840613602,TRUE,D
VA,D,1.12705959,1.066091109,1.069875787,1.02936659,1.011064575,1.001700125,0.954040408,0.959154475,0.929681284,0.941098997,0.934480561,1.19624958,0.982899386,0.991776267,0.969464792,0.95528861,0.892114438,0.968040905,0.991284076,0.988467879,0.987511417,0.907968061,0.927206092,0.931433785,FALSE,D
VA,D,1.120982034,1.082984237,1.060469136,1.049162173,1.016413195,0.990463758,0.970856203,0.970142741,0.968874813,0.964036148,0.982165764,1.035274189,0.992718389,0.979649579,0.987799147,0.990906527,0.980743691,0.942210464,0.996205605,0.988423317,0.996586449,0.992922259,0.98424894,0.87950557,TRUE,R
VA,D,1.089216381,1.091540301,1.082937551,1.068782184,1.06070543,1.034153257,0.959415506,0.94218795,0.935625835,0.934544702,0.919606489,0.936514632,0.985794527,0.983312365,0.966388874,0.931049524,0.975169647,0.981020239,0.986303691,0.967781413,0.944622087,0.957890577,0.979407434,0.981271025,TRUE,D
VA,S,1.303522479,1.186576164,1.155744046,1.118471183,1.076215402,1.032729371,0.932608757,0.921394456,0.895339561,0.871314872,0.857896024,0.888671651,0.988115245,0.9779924,0.9752087,0.937326831,0.931531573,0.918303855,0.969871986,0.983450621,0.975018218,0.951170353,0.896188611,0.962027666,FALSE,D
VA,S,1.113454841,1.033796804,1.000930175,1.003778908,0.977395622,0.961394364,0.963393873,0.98193735,0.999382296,0.994400076,1.038293444,1.282558633,0.890106202,0.890801112,0.802284214,0.832298231,0.898048632,0.782334358,0.92016396,0.907236102,0.830047856,0.863510978,0.912098277,0.832543884,TRUE,D
VA,D,1.00067136,0.992658028,1.008751536,0.996746678,0.976005444,0.962811339,1.002448809,1.01237724,0.98304064,1.007208917,1.067028084,1.155382872,0.822705862,0.714778757,0.596777642,0.971183994,0.900891155,0.962087988,0.982343349,0.922559473,0.809312692,0.986471191,0.960142726,0.975051883,FALSE,D
VA,D,0.815117201,0.820714897,0.845870431,0.822473452,0.826293298,0.84939682,1.087290258,1.12331454,1.137371234,1.194871302,1.256097237,1.372085375,0.976838252,0.939039233,0.883204825,0.787921161,0.706561601,0.91884455,0.993386016,0.957225545,0.95766486,0.868653436,0.773943283,0.958548545,FALSE,R
VA,D,0.673186299,0.732903241,0.774536283,0.76967328,0.833639772,0.863405781,1.116801702,1.146807908,1.17190069,1.245910025,1.2999401,2.485296249,0.951344763,0.93707787,0.930180733,0.764584456,0.628973849,0.940613054,0.977478824,0.983522675,0.959950722,0.843860005,0.847479096,0.96840641,FALSE,R
VA,D,0.745412972,0.727565217,0.774086074,0.795423805,0.834448488,0.882485292,1.096135681,1.14076177,1.156780208,1.193725166,1.207696545,1.392387452,0.919395857,0.935653864,0.89199496,0.933686213,0.865922873,0.90137442,0.968646301,0.925599142,0.894750512,0.968977198,0.872073572,0.864977554,FALSE,R
VA,D,0.817932684,0.855650272,0.877859441,0.855767998,0.865031509,0.829284669,1.101646064,1.105104569,1.11148219,1.155584067,1.167217216,1.300254583,0.82666772,0.689081952,0.851553419,0.959231101,0.814432726,0.960791406,0.897219682,0.711399201,0.836193159,0.97178588,0.884113291,0.985635549,FALSE,R
VA,D,0.983871704,0.982368087,0.920749673,0.927673694,0.936519995,0.905391764,1.017565986,1.023233664,1.121370019,1.126277355,1.137634974,1.296606043,0.879353552,0.94914445,0.90309046,0.994555758,0.719892252,0.674326783,0.847587197,0.96340137,0.946130056,0.993089505,0.731287425,0.88420882,FALSE,D
VA,D,0.700679815,0.805220615,0.757654746,0.807392055,0.840065838,0.798225334,1.13294752,1.113703567,1.177301745,1.177225669,1.205074235,1.546439705,0.879628525,0.962892461,0.817629939,0.742291253,0.820631712,0.963252351,0.973518715,0.981748105,0.851082038,0.804825227,0.845465904,0.969505161,FALSE,R
VA,D,0.929852129,0.9240033,0.866949388,0.896464727,0.906776795,0.938647532,1.029324165,1.040176161,1.085798756,1.08029018,1.095986104,1.117624863,0.91999801,0.874109355,0.926254254,0.765329594,0.903993487,0.928923841,0.981028508,0.845335745,0.985979934,0.805027986,0.894588908,0.988804836,FALSE,R
MN,S,1.241800599,1.123361095,1.094382995,1.069071471,1.040826852,1.012571576,0.905507128,0.920738987,0.923627525,0.929124919,0.943972591,1.000345785,0.990331663,0.988380015,0.984235848,0.984811077,0.978865237,0.947884579,0.994342284,0.991961352,0.987937024,0.988988539,0.984527027,0.957085946,FALSE,D
MN,D,1.116710818,1.029153355,1.013430823,0.97782734,0.928656004,0.912159445,0.952834034,0.980862553,0.98843717,1.028373516,1.112011105,1.244827268,0.977650156,0.993234443,0.991493696,0.98550865,0.984724354,0.977069989,0.98538718,0.989927577,0.982739433,0.987027184,0.984336239,0.976121028,TRUE,D
MN,D,0.718515534,0.728225127,0.742678384,0.764400443,0.784694105,0.802152756,1.161645105,1.215630201,1.24410872,1.25755368,1.280479338,1.379773815,0.986409598,0.936178171,0.960161156,0.909109071,0.928681582,0.876199585,0.989976221,0.962817657,0.95230983,0.914264743,0.95699469,0.956405427,FALSE,R
MN,D,0.756559717,0.785274928,0.805902883,0.811893856,0.826281946,0.84351388,1.12997062,1.153638337,1.170412103,1.195107593,1.211535025,1.271476901,0.99136715,0.981852991,0.956997863,0.965450336,0.935598793,0.961444754,0.99865029,0.989329762,0.976607731,0.984287476,0.968421389,0.984864387,FALSE,R
MN,G,1.093543846,1.032866472,1.014979229,1.00812201,0.997537135,0.98784943,0.965657519,0.979071405,0.98788382,0.991716564,1.003627505,1.055672486,0.990334814,0.988880508,0.981823823,0.98346242,0.976664381,0.945414302,0.995252854,0.992175064,0.988414444,0.989698466,0.985023968,0.954298395,TRUE,D
MN,D,1.061982631,1.043570614,1.037459201,1.040123944,1.008653367,0.999187468,0.947881787,0.947701769,0.944347359,0.906996301,0.974347932,1.043037498,0.979934603,0.9789511,0.894350906,0.977457849,0.903864552,0.842564603,0.981606261,0.979455965,0.946866394,0.908631517,0.963181359,0.938879947,FALSE,D
MN,D,0.969402689,0.977558347,0.974737804,1.010385502,1.013707827,0.981830587,1.043955493,1.044261512,1.060246601,0.964357461,0.929154156,1.246433037,0.897974282,0.958282133,0.891647224,0.862966274,0.780282129,0.799617894,0.906812557,0.962422147,0.913443578,0.881886915,0.736649071,0.865471859,FALSE,D
MN,D,1.292526607,1.143786854,1.132069146,1.081154696,1.07766618,1.038963717,0.888870226,0.906764779,0.893623964,0.922195927,0.908551941,0.926781454,0.980818591,0.984915165,0.990886737,0.98541101,0.976941983,0.932461739,0.991305083,0.991730501,0.994454731,0.990055868,0.984160514,0.908845195,TRUE,D
MN,D,1.707417873,1.398831883,1.298761192,1.260660027,1.198531118,1.099612689,0.768520544,0.781692323,0.794811099,0.780839015,0.788891454,0.946741906,0.962150458,0.988511743,0.986471706,0.985580348,0.980936479,0.971250698,0.975278761,0.991462846,0.987161463,0.986436306,0.980183474,0.968303279,TRUE,D
MN,D,1.02855628,0.98512139,0.979544131,0.982645989,0.968051363,0.976367278,0.991098413,1.009031446,1.013336606,1.012731425,1.030832206,1.02340312,0.966766688,0.972208737,0.968174714,0.9439912,0.951351699,0.862404551,0.991298905,0.994094706,0.983127554,0.949689087,0.98641934,0.929128877,FALSE,R
CO,S,0.853286426,0.905368806,0.931127073,0.938036205,0.953931363,0.973145393,1.049449645,1.059373789,1.063681876,1.084360571,1.091990882,1.147230835,0.926020072,0.894787095,0.838622348,0.791169611,0.862840088,0.881007531,0.957516119,0.942674325,0.921671085,0.805229921,0.819124307,0.926037648,TRUE,R
CO,D,0.686447114,0.727534796,0.793089426,0.829014984,0.871502181,0.897150518,1.089887635,1.129834535,1.144015603,1.19187782,1.243058347,1.473475376,0.922424404,0.899747147,0.905694436,0.901106745,0.955493203,0.979589729,0.953899846,0.936445804,0.972684728,0.938847593,0.977832156,0.981935427,FALSE,R
CO,D,0.953710904,0.932204218,0.940219363,0.958341325,0.995899352,1.000998969,1.032393894,1.062321721,1.077913534,1.072147359,1.011082842,0.995173238,0.729566184,0.798691045,0.611052161,0.934983619,0.887665133,0.941002103,0.854903102,0.807579762,0.519121245,0.845953023,0.86752598,0.903754526,FALSE,D
CO,D,0.714151541,0.706363183,0.772119394,0.771809784,0.772972403,0.851992253,1.065838767,1.104372836,1.111617481,1.144329551,1.203230569,1.25518875,0.875104681,0.891925714,0.947968806,0.965758366,0.920186918,0.879330011,0.950100535,0.929610036,0.978479059,0.97795152,0.972466042,0.951952476,FALSE,R
CO,D,1.21236787,1.162595178,1.091020646,1.006421936,0.975029249,0.944725717,0.935537359,0.931889412,0.95360983,0.99523976,1.021762645,1.089542103,0.971727439,0.80009419,0.883872338,0.949000615,0.951902929,0.90492354,0.991456226,0.868442379,0.918859198,0.969997988,0.956378705,0.965438403,FALSE,R
CO,D,0.984921852,1.013238043,1.002534709,0.996471976,0.988023121,0.978478041,1.01696414,0.978763662,0.992576274,1.014908939,1.059296535,1.227678499,0.931973726,0.907159543,0.837647587,0.800142812,0.891164626,0.839814012,0.973077135,0.906882882,0.807778797,0.811152143,0.855985491,0.833872409,FALSE,D
CO,D,1.053147072,1.028341553,0.974624857,0.931992183,0.908313519,0.892977444,0.966137716,0.971526821,1.033304441,1.102995051,1.166839959,1.288912137,0.765535636,0.558985725,0.530560175,0.678673496,0.57420642,0.665163449,0.777686132,0.571765435,0.53545146,0.745176946,0.615291448,0.681048579,FALSE,D
CO,D,0.89525081,0.883432147,0.886358226,0.86137898,0.874611887,0.876017867,1.061416864,1.091605258,1.1106213,1.161318752,1.210207666,1.419673686,0.975886861,0.964816982,0.951922657,0.965011904,0.955991254,0.945326129,0.981362269,0.976046897,0.97389536,0.964525757,0.977688526,0.966591866,TRUE,R
FL,D,1.07605853,0.891143523,0.935695749,0.870957117,0.855713018,0.846698027,0.987763933,1.053051956,1.039638324,1.095532774,1.13517834,1.867277162,0.882332692,0.892261973,0.932924195,0.837826365,0.862296422,0.954279714,0.94460372,0.868307071,0.922288586,0.84672657,0.836787599,0.838401116,FALSE,R
FL,D,0.913479496,0.855751806,0.848995249,0.837867672,0.808314686,0.863182406,1.040365842,1.091066549,1.11213053,1.145292309,1.198351408,1.26710995,0.907603374,0.967984868,0.97085381,0.989305227,0.963446903,0.897845814,0.884889657,0.944874561,0.957816624,0.998136741,0.903151739,0.574200256,FALSE,R
FL,D,1.352822703,1.092696927,1.079604766,0.955942384,0.949049075,0.870658002,0.705695368,0.884870917,0.881839366,1.082259528,1.122756226,2.61084808,0.39943399,0.390995148,0.141712599,0.207967028,0.048203601,0.149232332,0.467805261,0.539480171,0.111174995,0.248501912,0.031437637,0.167276018,FALSE,D
FL,D,0.894276372,0.896463004,0.901514363,0.891364398,0.904775422,0.918616303,1.06097397,1.101801454,1.149176028,1.208631787,1.243511176,1.352127517,0.994620618,0.990840453,0.979783393,0.97969174,0.986016869,0.971832883,0.99800662,0.991981783,0.981156326,0.986386852,0.9858452,0.927968744,FALSE,D
FL,D,0.923379754,0.826819126,0.876273131,0.809954813,0.791175753,0.783775926,1.063026761,1.098029899,1.080512137,1.144824888,1.190593735,1.492348051,0.995424579,0.985579992,0.99437924,0.988661593,0.993566679,0.995611976,0.996357257,0.991444133,0.997871552,0.996759108,0.99444075,0.996458791,FALSE,R
FL,D,0.866970846,0.863186356,0.924536069,0.925359773,0.916946528,0.963182554,1.030081024,1.045409069,1.038821972,1.051315873,1.086165107,1.215066398,0.984061507,0.992789324,0.942586277,0.948254871,0.98303209,0.622976281,0.996006791,0.993025216,0.970384573,0.983233354,0.994308359,0.741470778,FALSE,R
FL,D,1.353349986,1.176266555,1.127146174,1.092303764,1.050339944,1.013778593,0.926643832,0.933250454,0.912604568,0.898683696,0.911768457,1.069132405,0.972898472,0.967859702,0.970713429,0.934416298,0.87388105,0.938495586,0.967496658,0.99069937,0.992562447,0.941277815,0.876423828,0.938822488,TRUE,D
FL,D,0.913553995,0.899772917,0.945827226,0.932541682,0.95800517,0.971905413,1.037604685,1.112941267,1.094303039,1.293971957,1.366232168,3.089094293,0.884253416,0.716115637,0.908563562,0.971688315,0.962878729,0.98229789,0.906456249,0.508079106,0.83842989,0.949388892,0.934037549,0.916470695,FALSE,D
FL,D,0.833115449,0.844910729,0.824888636,0.836195375,0.854042276,0.86016242,1.07285579,1.088730773,1.121987355,1.143607991,1.162189454,1.379241293,0.969740369,0.955616664,0.977989273,0.975429304,0.967913495,0.967087105,0.994266712,0.984319041,0.985281183,0.987562259,0.929985791,0.981862255,FALSE,R
FL,D,0.889772591,0.882131215,0.871821092,0.858037227,0.836519422,0.827776997,1.046550535,1.064068771,1.080302144,1.102767692,1.142505317,1.377013122,0.981787037,0.984895491,0.993328344,0.97848482,0.991070494,0.974165346,0.977578763,0.987471698,0.996318003,0.967627028,0.987765077,0.984136931,FALSE,R
FL,D,1.393846609,1.180804471,1.068676886,1.016595394,1.02278033,0.947164006,0.480320413,0.601736273,0.740852967,0.886916234,0.766067962,1.840223663,0.577252598,0.619572353,0.960745532,0.272433561,-0.578322485,0.060698085,0.86310502,0.766614478,-0.012499877,0.788182686,-0.433734462,0.207485281,FALSE,D
FL,D,1.117085933,0.888058805,0.87392819,1.015269107,0.941605326,0.67899392,0.987958426,1.027110581,1.038802289,0.998416649,1.033212262,2.062939851,0.88621215,0.975723647,0.829976477,0.777851725,0.454245293,0.134102589,0.95359426,0.950299821,0.870387219,0.836731523,0.451548984,0.255710127,FALSE,R
FL,D,1.797894282,1.242981399,1.040060121,0.992992334,0.959898352,0.975136673,0.396378753,0.53691589,0.902477062,1.009201913,1.326926208,4.037868851,0.118976216,-0.026136454,-0.191149449,0.076512495,0.223749346,0.219151961,0.406368645,0.076304566,-0.171688037,0.044945997,0.267542282,-0.173764591,FALSE,D
FL,D,0.905941753,0.900553098,0.888817118,0.886421902,0.892829039,0.919586805,1.037204733,1.058170572,1.084408038,1.116806486,1.139485868,1.236812983,0.985875306,0.988224552,0.990985062,0.963642234,0.996356771,0.914325519,0.99570808,0.995903706,0.992389169,0.987948441,0.9977226,0.958984997,FALSE,R
FL,D,0.875785022,0.911377504,0.899476276,0.885879289,0.856671389,0.848033466,1.046837318,1.047436196,1.060957805,1.086221228,1.12379625,1.285928223,0.97776294,0.861477932,0.857787247,0.895886229,0.899906991,0.89878291,0.979051036,0.896987562,0.875866406,0.835243983,0.960202936,0.977098863,FALSE,R
FL,D,1.763019438,1.5822858,1.366132297,1.24288951,1.171757264,1.082442276,0.719143458,0.66925468,0.721072639,0.751823273,0.766601374,0.928414445,0.903421537,0.962215641,0.924155064,0.994341792,0.997917248,0.966159168,0.792028622,0.981791074,0.930809116,0.993775553,0.993827629,0.997991509,FALSE,D
FL,D,0.696214584,0.68209422,0.747174747,0.734899572,0.728265948,0.780378499,1.17025335,1.255790711,1.240753884,1.327438751,1.388359093,1.412475013,0.975994911,0.985691223,0.968144067,0.953964521,0.994755358,0.452620804,0.980822351,0.987651215,0.986363099,0.9696735,0.968026315,0.530973702,FALSE,R
FL,D,1.131372278,0.958273528,0.925420184,0.977869397,0.890167743,0.916839748,0.975816282,1.024532058,1.054663206,1.016902016,1.121249318,1.247107306,0.985339016,0.943023976,0.969012216,0.955468528,0.936064545,0.943505772,0.987037739,0.937597455,0.974231243,0.918124844,0.945410113,0.98157562,FALSE,R