STATE,DISTRICT,COUNTY,PRECINCT,NEW_DEM,NEW_REP
MN,8,1,5,384,336
MN,8,1,10,162,253
MN,8,1,15,82,53
MN,8,1,20,12,8
MN,8,1,25,27,5
MN,8,1,30,46,19
MN,8,1,35,9,7
MN,8,1,38,12,10
MN,8,1,40,269,304
MN,8,1,45,68,87
MN,8,1,50,142,117
MN,8,1,55,49,35
MN,8,1,60,200,193
MN,8,1,65,113,70
MN,8,1,70,95,54
MN,8,1,75,41,41
MN,8,1,80,53,75
MN,8,1,82,7,4
MN,8,1,85,55,46
MN,8,1,90,100,123
MN,8,1,95,5,13
MN,8,1,100,6,10
MN,8,1,105,7,3
MN,8,1,110,50,36
MN,8,1,115,11,11
MN,8,1,120,59,20
MN,8,1,125,6,16
MN,8,1,130,41,30
MN,8,1,132,15,9
MN,8,1,135,92,64
MN,8,1,140,30,39
MN,8,1,145,283,266
MN,8,1,150,36,24
MN,8,1,155,9,20
MN,8,1,160,26,31
MN,8,1,165,28,18
MN,8,1,170,12,16
MN,8,1,175,295,255
MN,8,1,180,25,23
MN,8,1,185,120,137
MN,8,1,190,11,10
MN,8,1,195,45,40
MN,8,1,200,11,14
MN,8,1,205,68,83
MN,8,1,210,71,76
MN,8,1,215,95,74
MN,8,1,220,8,7
MN,8,1,225,21,27
MN,8,1,230,41,37
MN,8,1,240,4,17
MN,8,1,255,9,3
MN,8,1,260,38,21
MN,8,1,285,12,12
MN,8,1,290,17,17
MN,6,2,5,473,806
MN,6,2,10,451,766
MN,6,2,15,558,818
MN,6,2,20,437,569
MN,6,2,25,528,839
MN,6,2,30,378,636
MN,6,2,35,308,547
MN,6,2,40,404,664
MN,6,2,45,392,704
MN,6,2,50,524,705
MN,6,2,105,250,217
MN,6,2,110,340,343
MN,6,2,115,303,374
MN,6,2,120,410,315
MN,6,2,125,298,279
MN,6,2,130,346,232
MN,6,2,135,302,334
MN,6,2,140,309,379
MN,6,2,205,45,83
MN,6,2,305,448,312
MN,6,2,310,469,357
MN,6,2,315,354,288
MN,6,2,320,272,232
MN,6,2,325,442,529
MN,6,2,330,256,352
MN,6,2,335,285,320
MN,6,2,340,352,355
MN,6,2,405,398,308
MN,6,2,410,308,311
MN,6,2,415,400,342
MN,6,2,420,418,298
MN,6,2,425,395,422
MN,6,2,430,365,491
MN,6,2,435,260,437
MN,6,2,440,471,854
MN,6,2,505,404,334
MN,6,2,510,432,405
MN,6,2,515,352,375
MN,6,2,520,457,543
MN,6,2,525,366,393
MN,6,2,530,584,726
MN,6,2,535,598,649
MN,6,2,540,148,208
MN,6,2,605,600,801
MN,6,2,705,335,338
MN,6,2,710,705,628
MN,5,2,805,598,251
MN,5,2,810,482,228
MN,5,2,815,521,203
MN,5,2,820,444,229
MN,5,2,825,541,275
MN,5,2,830,433,303
MN,5,2,835,491,241
MN,5,2,840,437,219
MN,6,2,905,689,1014
MN,3,2,1005,692,806
MN,3,2,1010,566,765
MN,3,2,1015,478,561
MN,3,2,1020,284,314
MN,3,2,1105,510,560
MN,3,2,1110,305,378
MN,3,2,1115,562,613
MN,3,2,1120,348,332
MN,3,2,1125,390,343
MN,3,2,1205,440,410
MN,3,2,1210,437,403
MN,3,2,1215,453,393
MN,3,2,1220,409,334
MN,3,2,1305,463,468
MN,3,2,1310,455,466
MN,3,2,1315,468,393
MN,3,2,1320,680,632
MN,3,2,1405,499,433
MN,3,2,1410,525,509
MN,3,2,1415,303,268
MN,3,2,1420,208,179
MN,3,2,1425,484,418
MN,6,2,1505,447,752
MN,6,2,1510,513,749
MN,6,2,1515,467,737
MN,5,2,1605,463,306
MN,5,2,1610,457,328
MN,5,2,1615,454,253
MN,5,2,1620,401,232
MN,5,2,1705,319,218
MN,5,2,1710,303,179
MN,5,2,1715,535,381
MN,5,2,1720,534,344
MN,5,2,1805,382,252
MN,5,2,1810,571,418
MN,5,2,1815,259,142
MN,5,2,1820,332,190
MN,6,2,1905,290,457
MN,6,2,1910,458,802
MN,6,2,1915,366,685
MN,6,2,1920,340,644
MN,6,2,1925,279,578
MN,6,2,1930,336,608
MN,5,2,2005,99,33
MN,6,2,2105,297,241
MN,6,2,2205,332,420
MN,6,2,2210,501,605
MN,6,2,2215,421,482
MN,6,2,2220,551,892
MN,6,2,2225,331,463
MN,6,2,2230,380,743
MN,6,2,2235,542,813
MN,6,2,2305,774,1130
MN,6,2,2405,348,723
MN,6,2,2410,206,434
MN,6,2,2505,341,559
MN,6,2,2510,273,574
MN,6,2,2515,275,563
MN,6,2,2520,203,321
MN,6,2,2605,641,941
MN,6,2,2610,211,296
MN,6,2,2705,309,615
MN,6,2,2710,557,822
MN,6,2,2805,486,662
MN,6,2,2810,229,297
MN,6,2,2905,405,497
MN,6,2,2910,404,575
MN,6,2,3005,413,670
MN,6,2,3010,310,525
MN,5,2,3105,281,256
MN,5,2,3110,360,279
MN,5,2,3115,551,405
MN,7,3,5,10,16
MN,7,3,10,55,89
MN,7,3,15,92,127
MN,7,3,20,218,313
MN,7,3,25,27,19
MN,7,3,30,41,34
MN,7,3,35,45,56
MN,7,3,40,188,261
MN,7,3,45,46,44
MN,7,3,50,183,270
MN,7,3,51,104,227
MN,7,3,55,300,417
MN,7,3,65,480,511
MN,7,3,75,458,713
MN,7,3,82,36,12
MN,7,3,85,257,427
MN,7,3,90,31,53
MN,7,3,95,35,40
MN,7,3,100,145,164
MN,7,3,105,54,66
MN,7,3,110,32,37
MN,7,3,115,103,157
MN,7,3,120,90,168
MN,7,3,125,257,336
MN,7,3,130,114,93
MN,7,3,135,70,108
MN,7,3,140,294,430
MN,7,3,145,73,50
MN,7,3,150,14,20
MN,7,3,155,129,179
MN,7,3,160,37,20
MN,7,3,165,9,25
MN,7,3,170,102,137
MN,7,3,175,33,26
MN,7,3,180,51,125
MN,7,3,185,29,45
MN,7,3,190,67,54
MN,7,3,195,72,85
MN,7,3,200,13,21
MN,7,3,205,54,99
MN,7,3,210,88,67
MN,7,3,215,67,150
MN,7,3,220,38,90
MN,7,3,225,20,11
MN,7,3,230,49,43
MN,7,3,235,4,22
MN,7,3,240,24,82
MN,7,4,5,56,32
MN,7,4,10,4,5
MN,7,4,15,506,498
MN,7,4,20,381,201
MN,7,4,25,389,290
MN,7,4,30,435,300
MN,7,4,35,473,370
MN,7,4,40,640,428
MN,7,4,45,20,15
MN,8,4,50,21,30
MN,8,4,55,81,97
MN,7,4,60,65,47
MN,8,4,65,19,35
MN,8,4,70,33,36
MN,7,4,75,229,242
MN,8,4,80,312,325
MN,8,4,85,1,2
MN,7,4,90,374,393
MN,8,4,95,59,71
MN,7,4,100,3,1
MN,8,4,105,97,153
MN,8,4,110,28,41
MN,7,4,115,23,54
MN,7,4,120,52,34
MN,7,4,125,22,23
MN,7,4,130,73,127
MN,8,4,135,16,51
MN,7,4,140,6,9
MN,7,4,145,124,157
MN,7,4,150,25,13
MN,7,4,155,7,7
MN,8,4,160,39,47
MN,8,4,165,75,53
MN,8,4,170,782,913
MN,7,4,172,9,16
MN,8,4,175,4,16
MN,7,4,180,222,7
MN,8,4,185,145,173
MN,8,4,190,12,5
MN,7,4,195,316,5
MN,7,4,200,251,5
MN,7,4,202,195,1
MN,7,4,205,53,37
MN,8,4,210,13,42
MN,7,4,215,11,8
MN,7,4,220,14,21
MN,7,4,225,14,13
MN,7,4,230,7,10
MN,8,4,235,46,43
MN,8,4,240,26,102
MN,8,4,245,15,30
MN,8,4,250,220,96
MN,8,4,255,28,36
MN,8,4,260,301,359
MN,8,4,265,25,19
MN,8,4,270,299,277
MN,7,4,275,9,3
MN,7,4,280,5,5
MN,8,4,285,37,25
MN,7,4,290,23,28
MN,7,4,295,36,25
MN,7,4,300,13,13
MN,6,5,5,132,170
MN,6,5,10,327,426
MN,6,5,15,29,47
MN,6,5,20,113,213
MN,6,5,25,94,225
MN,6,5,30,67,139
MN,6,5,35,86,186
MN,6,5,40,130,283
MN,6,5,45,130,200
MN,6,5,50,150,212
MN,6,5,55,227,468
MN,6,5,56,2,3
MN,6,5,60,188,261
MN,6,5,70,253,297
MN,6,5,80,345,218
MN,6,5,85,184,91
MN,6,5,90,145,321
MN,6,5,95,308,318
MN,6,5,100,331,372
MN,6,5,105,343,385
MN,6,5,110,458,581
MN,6,5,111,301,335
MN,6,5,112,336,442
MN,6,5,115,101,128
MN,6,5,120,466,655
MN,7,6,5,48,19
MN,7,6,10,27,16
MN,7,6,15,27,11
MN,7,6,20,7,1
MN,7,6,25,63,81
MN,7,6,30,44,27
MN,7,6,31,47,25
MN,7,6,35,91,47
MN,7,6,40,5,1
MN,7,6,45,39,26
MN,7,6,50,141,101
MN,7,6,55,16,18
MN,7,6,56,3,6
MN,7,6,60,16,17
MN,7,6,65,19,24
MN,7,6,70,21,18
MN,7,6,75,19,38
MN,7,6,80,205,249
MN,7,6,85,132,132
MN,7,6,86,15,26
MN,7,6,90,19,10
MN,7,6,95,52,26
MN,7,6,100,9,11
MN,1,7,5,58,80
MN,1,7,10,54,85
MN,1,7,15,59,67
MN,1,7,20,65,49
MN,1,7,25,21,42
MN,1,7,30,54,53
MN,1,7,35,157,258
MN,1,7,40,340,412
MN,1,7,45,127,149
MN,1,7,50,103,97
MN,1,7,55,118,136
MN,1,7,60,112,119
MN,1,7,65,467,338
MN,1,7,70,116,124
MN,1,7,75,138,224
MN,1,7,80,29,52
MN,1,7,85,47,70
MN,1,7,90,76,86
MN,1,7,95,202,163
MN,1,7,100,206,123
MN,1,7,105,54,30
MN,1,7,106,327,210
MN,1,7,110,212,87
MN,1,7,115,162,85
MN,1,7,120,244,177
MN,1,7,125,216,140
MN,1,7,130,361,365
MN,1,7,135,373,234
MN,1,7,140,472,168
MN,1,7,142,399,284
MN,1,7,145,409,262
MN,1,7,150,282,215
MN,1,7,155,245,164
MN,1,7,160,663,478
MN,1,7,165,1043,605
MN,1,7,170,350,349
MN,1,7,175,70,62
MN,1,7,195,38,58
MN,1,7,197,331,392
MN,1,7,200,289,270
MN,1,7,205,41,71
MN,1,7,210,41,64
MN,1,7,212,0,3
MN,1,7,213,0,1
MN,1,7,215,29,34
MN,1,7,220,31,59
MN,1,7,225,204,262
MN,1,7,230,154,114
MN,1,7,235,49,61
MN,1,7,240,93,51
MN,1,7,245,231,226
MN,1,7,250,45,75
MN,1,7,255,50,62
MN,1,7,260,50,55
MN,1,8,5,28,76
MN,1,8,10,33,51
MN,1,8,15,29,61
MN,1,8,20,6,1
MN,1,8,25,59,54
MN,1,8,30,111,206
MN,1,8,35,23,79
MN,1,8,40,10,18
MN,1,8,45,77,47
MN,1,8,50,50,165
MN,1,8,55,62,65
MN,1,8,60,18,78
MN,1,8,65,50,54
MN,1,8,70,114,193
MN,1,8,75,28,46
MN,1,8,80,215,203
MN,1,8,85,344,287
MN,1,8,90,283,279
MN,1,8,95,200,208
MN,1,8,100,366,437
MN,1,8,105,274,251
MN,1,8,110,332,388
MN,1,8,115,267,360
MN,1,8,120,25,70
MN,1,8,125,20,96
MN,1,8,130,64,95
MN,1,8,135,155,243
MN,1,8,140,199,389
MN,1,8,145,128,174
MN,1,8,150,134,198
MN,1,8,155,20,90
MN,1,8,160,15,36
MN,8,9,5,86,78
MN,8,9,10,35,25
MN,8,9,15,116,51
MN,8,9,20,306,169
MN,8,9,25,31,24
MN,8,9,30,242,152
MN,8,9,35,174,85
MN,8,9,40,662,394
MN,8,9,45,442,202
MN,8,9,50,515,210
MN,8,9,55,473,271
MN,8,9,60,468,323
MN,8,9,65,130,22
MN,8,9,68,30,26
MN,8,9,70,38,18
MN,8,9,75,56,25
MN,8,9,80,117,102
MN,8,9,85,50,39
MN,8,9,90,66,67
MN,8,9,95,42,21
MN,8,9,100,50,31
MN,8,9,105,164,94
MN,8,9,110,456,171
MN,8,9,115,284,172
MN,8,9,118,6,0
MN,8,9,120,258,109
MN,8,9,125,47,45
MN,8,9,130,74,35
MN,8,9,135,242,121
MN,8,9,140,135,126
MN,8,9,145,129,91
MN,8,9,150,109,58
MN,8,9,155,44,28
MN,8,9,160,54,21
MN,8,9,165,1229,893
MN,8,9,170,538,343
MN,8,9,175,133,42
MN,8,9,180,115,86
MN,8,9,185,30,6
MN,6,10,5,110,247
MN,6,10,10,91,292
MN,6,10,15,545,848
MN,3,10,20,550,771
MN,3,10,25,649,741
MN,3,10,30,382,641
MN,3,10,35,580,846
MN,3,10,36,600,1074
MN,3,10,37,658,983
MN,3,10,38,509,980
MN,3,10,40,805,1020
MN,3,10,45,849,1393
MN,3,10,50,730,999
MN,3,10,55,824,979
MN,6,10,65,215,309
MN,6,10,70,183,338
MN,3,10,72,5,10
MN,6,10,75,54,118
MN,6,10,80,45,99
MN,6,10,85,131,311
MN,3,10,90,275,524
MN,6,10,95,190,440
MN,6,10,100,40,78
MN,6,10,105,381,725
MN,6,10,110,152,235
MN,3,10,115,207,495
MN,3,10,117,444,787
MN,3,10,119,400,942
MN,6,10,120,843,1310
MN,6,10,125,937,1363
MN,6,10,130,186,391
MN,6,10,135,499,937
MN,6,10,140,188,385
MN,6,10,150,71,231
MN,8,11,5,11,24
MN,8,11,10,37,34
MN,8,11,15,68,116
MN,8,11,20,55,90
MN,8,11,25,20,5
MN,8,11,30,18,20
MN,8,11,35,125,176
MN,8,11,40,10,13
MN,8,11,45,34,36
MN,8,11,50,3,1
MN,8,11,55,14,12
MN,8,11,60,17,27
MN,8,11,65,16,46
MN,8,11,70,24,29
MN,8,11,75,103,36
MN,8,11,80,29,27
MN,8,11,85,144,128
MN,8,11,90,26,30
MN,8,11,95,172,374
MN,8,11,100,131,273
MN,8,11,105,18,12
MN,8,11,110,47,34
MN,8,11,115,68,57
MN,8,11,118,3,17
MN,8,11,120,90,99
MN,8,11,125,28,58
MN,8,11,130,48,36
MN,8,11,135,116,143
MN,8,11,140,210,385
MN,8,11,145,74,130
MN,8,11,150,18,15
MN,8,11,155,21,46
MN,8,11,160,85,132
MN,8,11,165,15,30
MN,8,11,170,46,86
MN,8,11,175,99,252
MN,8,11,180,19,39
MN,8,11,185,16,33
MN,8,11,187,0,3
MN,8,11,188,17,21
MN,8,11,190,256,95
MN,8,11,195,56,88
MN,8,11,200,62,58
MN,8,11,205,115,139
MN,8,11,210,144,235
MN,8,11,215,129,162
MN,8,11,220,11,22
MN,8,11,225,183,167
MN,8,11,230,53,53
MN,8,11,235,36,33
MN,8,11,240,24,33
MN,8,11,245,9,33
MN,8,11,250,344,393
MN,8,11,252,25,8
MN,8,11,255,41,46
MN,8,11,260,14,21
MN,8,11,262,3,2
MN,8,11,265,432,516
MN,8,11,270,54,91
MN,8,11,275,31,39
MN,8,11,280,31,55
MN,8,11,285,131,158
MN,8,11,290,122,150
MN,8,11,295,20,48
MN,8,11,300,51,74
MN,8,11,305,226,183
MN,8,11,310,79,50
MN,8,11,312,13,7
MN,8,11,315,64,112
MN,8,11,317,37,37
MN,8,11,320,213,199
MN,7,12,5,80,31
MN,7,12,10,247,251
MN,7,12,15,26,21
MN,7,12,20,15,27
MN,7,12,25,220,127
MN,7,12,30,51,54
MN,7,12,35,44,19
MN,7,12,40,58,16
MN,7,12,45,51,62
MN,7,12,50,21,54
MN,7,12,55,35,37
MN,7,12,60,31,24
MN,7,12,65,73,72
MN,7,12,70,70,36
MN,7,12,75,444,350
MN,7,12,90,464,391
MN,7,12,105,17,100
MN,7,12,110,55,82
MN,7,12,115,148,151
MN,7,12,120,37,60
MN,7,12,125,41,46
MN,7,12,130,36,32
MN,7,12,135,20,73
MN,8,13,5,151,205
MN,8,13,15,147,108
MN,8,13,20,882,1014
MN,8,13,25,429,504
MN,8,13,30,443,548
MN,8,13,35,350,448
MN,8,13,40,289,362
MN,8,13,45,184,207
MN,8,13,50,431,786
MN,8,13,55,773,909
MN,8,13,60,298,470
MN,8,13,65,399,467
MN,8,13,66,608,745
MN,8,13,67,346,475
MN,8,13,70,299,236
MN,8,13,75,118,179
MN,8,13,80,114,155
MN,8,13,85,193,238
MN,8,13,86,6,6
MN,8,13,90,173,214
MN,8,13,95,311,422
MN,8,13,100,213,188
MN,8,13,105,1223,1759
MN,7,14,5,49,36
MN,7,14,10,157,116
MN,7,14,15,103,100
MN,7,14,20,137,104
MN,7,14,25,27,33
MN,7,14,30,22,20
MN,7,14,35,88,61
MN,7,14,40,655,393
MN,7,14,45,99,116
MN,7,14,50,62,46
MN,7,14,55,68,80
MN,7,14,60,26,26
MN,7,14,65,14,21
MN,7,14,70,17,17
MN,7,14,75,11,11
MN,7,14,80,32,10
MN,7,14,85,188,150
MN,7,14,90,52,57
MN,7,14,95,32,27
MN,7,14,100,27,29
MN,7,14,105,328,261
MN,7,14,110,97,78
MN,7,14,115,53,55
MN,7,14,120,53,32
MN,7,14,125,42,27
MN,7,14,130,44,48
MN,7,14,135,26,16
MN,7,14,140,23,82
MN,7,14,145,55,39
MN,7,14,150,47,64
MN,7,14,155,717,507
MN,7,14,160,669,297
MN,7,14,165,520,332
MN,7,14,170,664,468
MN,7,14,175,101,55
MN,7,14,180,198,94
MN,7,14,185,177,68
MN,7,14,190,573,257
MN,7,14,195,441,267
MN,7,14,200,503,627
MN,7,14,205,341,237
MN,7,14,210,207,143
MN,7,14,212,371,316
MN,7,14,214,554,422
MN,7,14,215,38,29
MN,7,14,217,0,1
MN,7,14,220,32,28
MN,7,14,225,313,376
MN,7,14,230,109,99
MN,7,14,235,65,84
MN,7,14,240,78,78
MN,7,14,245,34,30
MN,7,14,250,40,31
MN,7,14,255,47,52
MN,7,14,260,112,47
MN,7,14,265,21,22
MN,7,14,270,14,17
MN,7,15,5,165,148
MN,7,15,10,18,27
MN,7,15,15,75,88
MN,7,15,20,14,21
MN,7,15,25,115,185
MN,7,15,30,45,62
MN,7,15,35,49,72
MN,7,15,40,24,34
MN,7,15,45,56,35
MN,7,15,50,9,20
MN,7,15,55,0,2
MN,7,15,56,0,1
MN,7,15,60,51,77
MN,7,15,65,27,37
MN,7,15,70,40,17
MN,7,15,75,51,88
MN,7,15,80,10,4
MN,7,15,85,21,53
MN,7,15,90,45,63
MN,7,15,95,61,96
MN,7,15,100,64,84
MN,7,15,105,67,103
MN,7,15,110,6,35
MN,7,15,115,25,14
MN,7,15,120,57,104
MN,7,15,125,29,40
MN,7,15,130,21,21
MN,7,15,135,0,1
MN,7,15,140,18,15
MN,8,16,5,97,37
MN,8,16,10,212,99
MN,8,16,15,207,91
MN,8,16,20,94,27
MN,8,16,25,105,78
MN,8,16,30,188,95
MN,8,16,35,169,87
MN,8,16,40,173,111
MN,8,16,45,57,35
MN,8,16,50,79,39
MN,8,16,55,83,39
MN,8,16,60,76,29
MN,8,16,65,229,152
MN,7,17,5,19,48
MN,7,17,10,15,41
MN,7,17,15,29,44
MN,1,17,20,31,21
MN,1,17,25,29,85
MN,1,17,30,4,3
MN,7,17,35,30,43
MN,1,17,40,11,35
MN,1,17,45,14,31
MN,7,17,47,8,31
MN,7,17,50,66,82
MN,7,17,55,25,49
MN,7,17,60,58,28
MN,1,17,65,40,78
MN,1,17,70,36,88
MN,1,17,75,244,426
MN,1,17,85,27,56
MN,7,17,90,20,37
MN,1,17,95,27,36
MN,7,17,100,10,19
MN,7,17,105,27,22
MN,7,17,110,44,40
MN,7,17,115,22,58
MN,7,17,120,147,99
MN,7,17,125,45,50
MN,7,17,130,188,190
MN,7,17,135,260,237
MN,7,17,140,163,116
MN,7,17,145,184,132
MN,8,18,5,530,618
MN,8,18,6,366,415
MN,8,18,7,335,448
MN,8,18,8,307,356
MN,8,18,10,218,289
MN,8,18,15,167,151
MN,8,18,16,386,383
MN,8,18,20,252,237
MN,8,18,25,267,204
MN,8,18,35,188,178
MN,8,18,40,266,246
MN,8,18,42,2,0
MN,8,18,45,240,199
MN,8,18,50,164,144
MN,8,18,55,417,599
MN,8,18,60,196,237
MN,8,18,65,299,188
MN,8,18,70,186,102
MN,8,18,75,272,475
MN,8,18,76,228,290
MN,8,18,80,259,418
MN,8,18,82,1,5
MN,8,18,85,63,45
MN,8,18,90,74,120
MN,8,18,95,244,384
MN,8,18,100,16,25
MN,8,18,105,82,96
MN,8,18,110,335,394
MN,8,18,115,166,248
MN,8,18,120,68,90
MN,8,18,125,98,142
MN,8,18,130,10,15
MN,8,18,135,142,221
MN,8,18,140,6,24
MN,8,18,145,59,36
MN,8,18,150,184,207
MN,8,18,155,216,412
MN,8,18,160,214,280
MN,8,18,165,20,17
MN,8,18,170,133,71
MN,8,18,175,50,79
MN,8,18,180,68,147
MN,8,18,185,382,552
MN,8,18,190,429,596
MN,8,18,195,15,12
MN,8,18,200,206,250
MN,8,18,205,15,26
MN,8,18,210,130,160
MN,8,18,215,175,239
MN,8,18,220,388,614
MN,8,18,225,158,177
MN,8,18,230,349,382
MN,8,18,235,67,176
MN,8,18,240,316,420
MN,8,18,245,59,74
MN,8,18,250,43,63
MN,8,18,255,73,87
MN,8,18,260,94,121
MN,8,18,265,60,47
MN,8,18,275,86,151
MN,8,18,280,28,44
MN,8,18,285,19,11
MN,8,18,290,100,96
MN,8,18,295,304,472
MN,2,19,1010,523,535
MN,2,19,1020,485,483
MN,2,19,1030,505,443
MN,2,19,1040,595,478
MN,2,19,1050,579,642
MN,2,19,1055,810,985
MN,2,19,1060,399,321
MN,2,19,1070,657,597
MN,2,19,1080,745,712
MN,2,19,1090,682,773
MN,2,19,1100,645,620
MN,2,19,1110,657,637
MN,2,19,1120,672,663
MN,2,19,1130,462,477
MN,2,19,1140,486,386
MN,2,19,1150,399,333
MN,2,19,1210,791,791
MN,2,19,1220,487,468
MN,2,19,1230,513,474
MN,2,19,1240,733,632
MN,2,19,1250,421,244
MN,2,19,1260,655,527
MN,2,19,1270,584,584
MN,2,19,1280,999,912
MN,2,19,1290,443,522
MN,2,19,1300,722,714
MN,2,19,1310,558,613
MN,2,19,1320,443,461
MN,2,19,1330,667,571
MN,2,19,1340,672,566
MN,2,19,1350,742,831
MN,2,19,1360,601,630
MN,2,19,1370,446,454
MN,2,19,1410,218,348
MN,2,19,1510,20,35
MN,2,19,1610,92,188
MN,2,19,1710,267,242
MN,2,19,1720,838,586
MN,2,19,1730,656,578
MN,2,19,1740,759,553
MN,2,19,1750,847,778
MN,2,19,1755,643,547
MN,2,19,1760,583,440
MN,2,19,1765,939,860
MN,2,19,1770,858,837
MN,2,19,1780,829,850
MN,2,19,1790,801,658
MN,2,19,1795,371,369
MN,2,19,1800,486,361
MN,2,19,1810,485,367
MN,2,19,1820,484,363
MN,2,19,1830,940,706
MN,2,19,1840,641,604
MN,2,19,1850,578,539
MN,2,19,1860,727,814
MN,2,19,1870,580,673
MN,2,19,2010,340,524
MN,2,19,2110,199,422
MN,2,19,2210,289,266
MN,2,19,2220,446,568
MN,2,19,2230,413,615
MN,2,19,2240,526,840
MN,2,19,2250,428,640
MN,2,19,2260,394,602
MN,2,19,2310,117,179
MN,2,19,2410,78,130
MN,2,19,2510,122,226
MN,2,19,2610,416,349
MN,2,19,2620,413,388
MN,2,19,2630,401,404
MN,2,19,2635,498,489
MN,2,19,2640,580,492
MN,2,19,2645,517,436
MN,2,19,2650,499,632
MN,2,19,2660,393,412
MN,2,19,2710,625,689
MN,2,19,2720,498,675
MN,2,19,2730,600,815
MN,2,19,2740,797,697
MN,2,19,2750,762,685
MN,2,19,2760,614,474
MN,2,19,2770,580,448
MN,2,19,2780,703,569
MN,2,19,2790,383,193
MN,2,19,2800,530,426
MN,2,19,2910,479,516
MN,2,19,2920,591,907
MN,2,19,2930,488,626
MN,2,19,2940,449,685
MN,2,19,2950,476,648
MN,2,19,2960,426,724
MN,2,19,2970,456,756
MN,2,19,2980,421,699
MN,2,19,2990,432,689
MN,2,19,3000,417,775
MN,2,19,3010,604,916
MN,2,19,3020,458,703
MN,2,19,3030,418,601
MN,2,19,3040,493,567
MN,2,19,3050,533,607
MN,2,19,3060,644,868
MN,2,19,3070,482,654
MN,2,19,3110,309,261
MN,2,19,3210,194,288
MN,2,19,3310,47,35
MN,2,19,3410,783,709
MN,2,19,3420,592,749
MN,2,19,3430,779,643
MN,2,19,3440,494,408
MN,2,19,3450,596,649
MN,2,19,3510,25,33
MN,2,19,3610,17,23
MN,2,19,3710,159,221
MN,2,19,3810,364,183
MN,2,19,3910,56,77
MN,2,19,4010,111,148
MN,2,19,4110,426,498
MN,2,19,4210,729,895
MN,2,19,4220,500,530
MN,2,19,4230,656,822
MN,2,19,4240,418,391
MN,2,19,4250,386,472
MN,2,19,4260,442,462
MN,2,19,4270,575,649
MN,2,19,4310,68,98
MN,2,19,4410,889,597
MN,2,19,4420,576,410
MN,2,19,4430,938,713
MN,2,19,4440,191,110
MN,2,19,4450,1089,688
MN,2,19,4510,85,206
MN,2,19,4610,76,96
MN,2,19,4710,178,273
MN,2,19,4810,104,94
MN,2,19,4910,774,465
MN,2,19,4920,422,210
MN,2,19,4940,1013,586
MN,2,19,4950,519,270
MN,2,19,4970,694,457
MN,2,19,4980,930,694
MN,1,20,5,49,99
MN,1,20,10,100,202
MN,1,20,15,61,64
MN,1,20,20,57,119
MN,1,20,25,78,150
MN,1,20,30,254,323
MN,1,20,32,77,92
MN,1,20,35,28,79
MN,1,20,40,256,197
MN,1,20,45,62,127
MN,1,20,50,75,89
MN,1,20,51,648,843
MN,1,20,52,161,204
MN,1,20,55,196,244
MN,1,20,60,295,483
MN,1,20,65,107,194
MN,1,20,70,18,48
MN,1,20,75,101,154
MN,1,20,80,127,231
MN,1,20,85,98,155
MN,1,20,90,52,93
MN,7,21,5,66,74
MN,7,21,7,447,616
MN,7,21,10,376,545
MN,7,21,15,409,471
MN,7,21,20,351,359
MN,7,21,25,29,37
MN,7,21,27,267,308
MN,7,21,30,453,731
MN,7,21,35,43,99
MN,7,21,40,100,91
MN,7,21,45,126,213
MN,7,21,50,87,92
MN,7,21,55,380,642
MN,7,21,60,100,109
MN,7,21,65,47,59
MN,7,21,70,40,50
MN,7,21,75,57,48
MN,7,21,80,149,229
MN,7,21,85,139,240
MN,7,21,90,245,364
MN,7,21,95,56,59
MN,7,21,100,742,1246
MN,7,21,105,189,261
MN,7,21,110,103,132
MN,7,21,115,52,76
MN,7,21,120,13,18
MN,7,21,125,40,78
MN,7,21,130,70,66
MN,7,21,135,174,215
MN,7,21,140,144,218
MN,7,21,145,28,35
MN,7,21,150,33,76
MN,7,21,155,230,243
MN,7,21,160,93,141
MN,7,21,165,40,66
MN,7,21,170,48,97
MN,7,21,175,62,67
MN,1,22,5,34,70
MN,1,22,10,187,175
MN,1,22,15,208,239
MN,1,22,20,127,158
MN,1,22,25,66,90
MN,1,22,30,82,51
MN,1,22,35,34,51
MN,1,22,40,33,61
MN,1,22,45,27,33
MN,1,22,50,35,77
MN,1,22,55,21,78
MN,1,22,60,44,35
MN,1,22,65,87,99
MN,1,22,70,32,67
MN,1,22,75,21,80
MN,1,22,80,42,69
MN,1,22,85,35,40
MN,1,22,90,35,49
MN,1,22,95,156,58
MN,1,22,100,48,46
MN,1,22,105,27,43
MN,1,22,110,121,106
MN,1,22,115,30,40
MN,1,22,120,14,42
MN,1,22,125,26,55
MN,1,22,130,17,48
MN,1,22,135,47,40
MN,1,22,140,40,114
MN,1,22,145,24,42
MN,1,22,150,16,9
MN,1,22,155,402,353
MN,1,22,160,160,219
MN,1,22,165,19,58
MN,1,23,5,63,46
MN,1,23,10,81,83
MN,1,23,15,37,46
MN,1,23,20,49,102
MN,1,23,25,49,48
MN,1,23,30,58,45
MN,1,23,35,51,50
MN,1,23,40,64,76
MN,1,23,45,53,94
MN,1,23,50,215,229
MN,1,23,55,77,112
MN,1,23,60,42,139
MN,1,23,65,46,85
MN,1,23,70,59,87
MN,1,23,75,44,89
MN,1,23,80,215,193
MN,1,23,85,56,66
MN,1,23,90,62,51
MN,1,23,95,38,93
MN,1,23,100,229,141
MN,1,23,105,148,82
MN,1,23,110,75,57
MN,1,23,115,92,65
MN,1,23,120,43,39
MN,1,23,125,74,37
MN,1,23,130,58,73
MN,1,23,135,48,34
MN,1,23,140,250,245
MN,1,23,150,40,55
MN,1,23,155,442,353
MN,1,23,160,217,238
MN,1,23,165,330,454
MN,1,23,175,96,132
MN,1,23,180,56,121
MN,1,23,185,14,12
MN,1,23,190,86,123
MN,1,23,195,53,63
MN,1,24,5,851,796
MN,1,24,15,498,369
MN,1,24,25,694,532
MN,1,24,35,660,474
MN,1,24,45,399,232
MN,1,24,50,474,326
MN,1,24,60,148,140
MN,1,24,61,3,5
MN,1,24,65,134,110
MN,1,24,70,49,78
MN,1,24,75,218,239
MN,1,24,80,91,84
MN,1,24,85,53,77
MN,1,24,90,125,130
MN,1,24,95,30,22
MN,1,24,100,89,55
MN,1,24,105,62,61
MN,1,24,110,39,37
MN,1,24,115,92,103
MN,1,24,120,96,89
MN,1,24,125,70,96
MN,1,24,130,193,91
MN,1,24,135,55,70
MN,1,24,140,43,72
MN,1,24,145,70,40
MN,1,24,150,59,97
MN,1,24,155,29,66
MN,1,24,160,49,53
MN,1,24,165,8,9
MN,1,24,170,96,100
MN,1,24,175,62,53
MN,1,24,180,113,135
MN,1,24,185,12,5
MN,1,24,190,56,93
MN,1,24,195,81,60
MN,1,24,200,79,71
MN,1,24,205,134,165
MN,1,24,210,91,94
MN,1,24,215,63,73
MN,1,24,220,37,12
MN,2,25,5,18,21
MN,2,25,10,59,120
MN,2,25,15,54,115
MN,2,25,20,311,333
MN,2,25,25,325,387
MN,2,25,30,209,309
MN,2,25,35,44,95
MN,2,25,40,28,51
MN,2,25,45,157,196
MN,2,25,50,314,389
MN,2,25,55,130,206
MN,2,25,60,52,151
MN,2,25,65,165,196
MN,2,25,70,60,118
MN,2,25,75,252,296
MN,2,25,80,61,95
MN,2,25,85,150,182
MN,2,25,90,181,244
MN,2,25,95,100,180
MN,2,25,100,312,445
MN,2,25,105,87,152
MN,2,25,110,330,313
MN,2,25,115,352,337
MN,2,25,125,412,316
MN,2,25,130,325,317
MN,2,25,140,482,295
MN,2,25,145,333,306
MN,2,25,155,332,197
MN,2,25,160,286,232
MN,2,25,170,103,207
MN,2,25,175,184,266
MN,2,25,180,178,177
MN,2,25,185,114,93
MN,2,25,190,132,231
MN,2,25,195,43,155
MN,2,25,200,120,151
MN,2,25,205,125,157
MN,2,25,210,248,260
MN,2,25,215,269,370
MN,2,25,220,79,172
MN,7,26,5,128,75
MN,7,26,10,87,45
MN,7,26,15,32,16
MN,7,26,20,243,239
MN,7,26,25,31,34
MN,7,26,30,80,70
MN,7,26,35,99,99
MN,7,26,40,13,11
MN,7,26,45,104,62
MN,7,26,50,130,108
MN,7,26,55,61,51
MN,7,26,60,7,30
MN,7,26,65,35,39
MN,7,26,70,26,14
MN,7,26,75,29,23
MN,7,26,80,18,12
MN,7,26,85,10,19
MN,7,26,90,113,121
MN,7,26,95,36,38
MN,7,26,100,22,46
MN,7,26,105,47,36
MN,7,26,110,46,30
MN,7,26,115,39,27
MN,3,27,5,528,423
MN,3,27,10,558,497
MN,3,27,15,448,242
MN,3,27,20,654,495
MN,3,27,25,680,505
MN,3,27,30,568,492
MN,3,27,35,457,397
MN,3,27,36,670,501
MN,3,27,40,676,568
MN,3,27,45,1033,858
MN,3,27,50,465,479
MN,3,27,55,672,435
MN,3,27,60,638,612
MN,3,27,65,422,617
MN,3,27,70,668,527
MN,3,27,71,440,450
MN,3,27,75,831,557
MN,3,27,80,485,367
MN,3,27,85,487,444
MN,3,27,90,396,428
MN,3,27,95,753,477
MN,3,27,100,672,468
MN,3,27,105,596,689
MN,3,27,106,590,612
MN,3,27,107,449,286
MN,3,27,110,408,285
MN,3,27,115,564,307
MN,3,27,120,520,410
MN,3,27,125,534,342
MN,3,27,130,673,490
MN,3,27,131,263,223
MN,3,27,132,405,247
MN,5,27,200,682,320
MN,5,27,205,619,223
MN,5,27,210,780,395
MN,5,27,215,903,412
MN,5,27,220,871,484
MN,5,27,225,477,269
MN,5,27,230,416,218
MN,3,27,300,352,154
MN,3,27,305,463,274
MN,3,27,310,556,262
MN,3,27,315,462,236
MN,3,27,320,622,525
MN,3,27,325,664,463
MN,3,27,330,582,493
MN,3,27,335,513,639
MN,3,27,340,491,255
MN,3,27,345,548,326
MN,3,27,350,632,417
MN,3,27,355,352,198
MN,3,27,360,720,733
MN,3,27,362,481,440
MN,3,27,365,233,233
MN,3,27,370,601,547
MN,3,27,375,588,544
MN,3,27,395,529,276
MN,3,27,397,776,453
MN,3,27,400,399,218
MN,3,27,405,652,254
MN,3,27,410,624,425
MN,3,27,415,454,216
MN,3,27,420,178,126
MN,3,27,450,984,1068
MN,3,27,455,1015,1269
MN,3,27,460,826,1020
MN,3,27,465,906,1043
MN,3,27,500,394,970
MN,3,27,505,327,612
MN,5,27,550,701,446
MN,5,27,555,281,177
MN,5,27,557,191,157
MN,5,27,560,545,408
MN,5,27,565,474,331
MN,5,27,567,231,119
MN,5,27,570,394,219
MN,5,27,575,590,424
MN,5,27,577,156,87
MN,5,27,585,539,381
MN,5,27,590,487,268
MN,3,27,640,113,182
MN,3,27,645,118,163
MN,3,27,650,406,775
MN,3,27,675,333,558
MN,3,27,680,448,517
MN,3,27,690,551,595
MN,3,27,695,672,667
MN,3,27,700,621,581
MN,3,27,705,638,531
MN,3,27,710,742,767
MN,3,27,715,592,608
MN,3,27,720,468,554
MN,3,27,725,346,478
MN,3,27,730,617,834
MN,3,27,735,654,840
MN,3,27,740,415,288
MN,3,27,745,720,530
MN,3,27,750,567,549
MN,3,27,755,837,960
MN,3,27,760,630,654
MN,3,27,765,784,963
MN,3,27,770,477,642
MN,3,27,775,638,1119
MN,3,27,780,587,911
MN,3,27,785,236,306
MN,3,27,850,609,594
MN,3,27,855,612,764
MN,3,27,860,614,398
MN,5,27,865,671,924
MN,5,27,870,845,492
MN,3,27,875,657,823
MN,3,27,880,685,652
MN,3,27,885,526,472
MN,5,27,890,577,646
MN,5,27,895,633,458
MN,3,27,900,422,583
MN,3,27,905,714,655
MN,3,27,910,257,291
MN,3,27,915,440,261
MN,5,27,920,809,434
MN,3,27,925,560,691
MN,3,27,930,697,594
MN,3,27,935,521,228
MN,3,27,940,1012,544
MN,3,27,945,449,478
MN,3,27,965,434,381
MN,5,27,975,28,6
MN,5,27,985,804,331
MN,5,27,990,1072,499
MN,5,27,1000,817,307
MN,5,27,1005,695,468
MN,5,27,1010,697,283
MN,5,27,1015,822,451
MN,5,27,1020,810,468
MN,5,27,1025,798,388
MN,3,27,1050,326,841
MN,3,27,1065,152,251
MN,6,27,1080,77,159
MN,5,27,1110,522,238
MN,5,27,1115,631,390
MN,5,27,1120,424,282
MN,5,27,1125,559,213
MN,5,27,1130,577,291
MN,5,27,1135,629,370
MN,3,27,1150,517,1157
MN,3,27,1160,362,385
MN,3,27,1170,91,178
MN,3,27,1190,563,609
MN,3,27,1195,503,539
MN,3,27,1200,418,444
MN,3,27,1205,369,422
MN,3,27,1210,510,600
MN,3,27,1215,421,517
MN,3,27,1220,520,670
MN,3,27,1225,394,628
MN,3,27,1230,508,712
MN,3,27,1235,560,651
MN,3,27,1240,403,673
MN,3,27,1245,449,474
MN,3,27,1250,603,568
MN,3,27,1255,342,587
MN,3,27,1260,472,509
MN,3,27,1265,583,740
MN,3,27,1270,510,506
MN,3,27,1275,558,718
MN,3,27,1280,354,511
MN,3,27,1285,472,870
MN,3,27,1290,356,586
MN,3,27,1295,348,714
MN,3,27,1300,376,507
MN,3,27,1335,281,361
MN,3,27,1345,108,69
MN,3,27,1350,390,694
MN,3,27,1355,417,995
MN,5,27,1360,347,86
MN,5,27,1365,1277,350
MN,5,27,1370,1151,304
MN,5,27,1375,1027,216
MN,5,27,1380,896,236
MN,5,27,1385,1092,201
MN,5,27,1390,613,133
MN,5,27,1395,618,97
MN,5,27,1400,944,160
MN,5,27,1405,449,99
MN,5,27,1410,1482,201
MN,5,27,1415,915,64
MN,5,27,1420,618,133
MN,5,27,1425,436,152
MN,5,27,1430,871,102
MN,5,27,1435,565,102
MN,5,27,1440,300,55
MN,5,27,1445,1573,205
MN,5,27,1450,568,58
MN,5,27,1455,597,262
MN,5,27,1460,613,321
MN,5,27,1465,754,128
MN,5,27,1470,1264,254
MN,5,27,1475,452,84
MN,5,27,1480,755,176
MN,5,27,1485,1204,182
MN,5,27,1490,833,294
MN,5,27,1495,678,232
MN,5,27,1500,797,254
MN,5,27,1501,320,80
MN,5,27,1502,536,176
MN,5,27,1503,272,59
MN,5,27,1505,651,169
MN,5,27,1510,806,219
MN,5,27,1515,397,84
MN,5,27,1520,1027,260
MN,5,27,1525,880,148
MN,5,27,1530,662,118
MN,5,27,1535,737,205
MN,5,27,1540,831,140
MN,5,27,1555,810,87
MN,5,27,1560,619,79
MN,5,27,1565,497,51
MN,5,27,1570,557,57
MN,5,27,1575,614,44
MN,5,27,1580,226,32
MN,5,27,1585,539,39
MN,5,27,1590,554,75
MN,5,27,1595,543,57
MN,5,27,1605,452,21
MN,5,27,1610,919,69
MN,5,27,1615,735,51
MN,5,27,1620,667,323
MN,5,27,1625,406,36
MN,5,27,1630,373,65
MN,5,27,1635,297,39
MN,5,27,1640,498,54
MN,5,27,1642,653,56
MN,5,27,1645,664,82
MN,5,27,1650,825,252
MN,5,27,1655,1230,242
MN,5,27,1660,980,338
MN,5,27,1665,972,138
MN,5,27,1670,770,265
MN,5,27,1675,626,126
MN,5,27,1680,1425,326
MN,5,27,1685,1218,217
MN,5,27,1690,308,35
MN,5,27,1700,528,51
MN,5,27,1705,1179,127
MN,5,27,1710,650,49
MN,5,27,1715,821,78
MN,5,27,1720,1351,152
MN,5,27,1725,1273,132
MN,5,27,1730,1692,196
MN,5,27,1735,1468,202
MN,5,27,1750,943,82
MN,5,27,1755,1292,83
MN,5,27,1760,634,137
MN,5,27,1765,452,44
MN,5,27,1770,256,31
MN,5,27,1775,1049,135
MN,5,27,1780,657,67
MN,5,27,1785,71,16
MN,5,27,1805,909,77
MN,5,27,1810,1041,184
MN,5,27,1815,861,186
MN,5,27,1820,869,121
MN,5,27,1825,875,124
MN,5,27,1830,1134,174
MN,5,27,1835,1398,99
MN,5,27,1840,727,80
MN,5,27,1845,824,80
MN,5,27,1860,1006,159
MN,5,27,1865,1180,319
MN,5,27,1870,931,184
MN,5,27,1875,1486,278
MN,5,27,1880,796,209
MN,5,27,1885,1289,350
MN,5,27,1890,1156,344
MN,5,27,1895,964,330
MN,5,27,1900,526,133
MN,5,27,1902,785,270
MN,5,27,1905,1364,209
MN,5,27,1910,1273,201
MN,5,27,1915,1453,279
MN,5,27,1920,663,126
MN,5,27,1925,1596,315
MN,5,27,1930,851,196
MN,5,27,1935,54,22
MN,5,27,1940,588,94
MN,5,27,1945,836,180
MN,5,27,1950,788,249
MN,5,27,1955,769,160
MN,5,27,1956,1360,246
MN,5,27,1960,764,286
MN,5,27,1965,1378,290
MN,5,27,1970,1391,314
MN,5,27,1975,1464,413
MN,5,27,1980,1570,351
MN,5,27,1985,1139,273
MN,5,27,1990,1514,403
MN,5,27,1995,1054,280
MN,5,27,2000,1232,374
MN,5,27,2005,600,131
MN,3,27,2090,648,454
MN,3,27,2095,428,345
MN,3,27,2100,533,343
MN,3,27,2105,807,582
MN,3,27,2110,417,377
MN,3,27,2115,547,403
MN,3,27,2120,472,379
MN,3,27,2125,760,494
MN,3,27,2130,781,550
MN,3,27,2135,848,449
MN,3,27,2140,504,258
MN,3,27,2145,488,296
MN,3,27,2150,383,404
MN,3,27,2155,596,510
MN,3,27,2160,543,661
MN,3,27,2165,534,360
MN,3,27,2170,757,798
MN,3,27,2185,326,373
MN,3,27,2190,425,411
MN,3,27,2195,605,555
MN,3,27,2200,616,527
MN,3,27,2205,575,412
MN,3,27,2210,619,497
MN,3,27,2230,97,229
MN,3,27,2240,393,605
MN,3,27,2245,106,216
MN,3,27,2247,244,504
MN,3,27,2248,244,591
MN,3,27,2250,389,556
MN,3,27,2255,375,508
MN,3,27,2260,402,503
MN,3,27,2265,416,481
MN,5,27,2290,393,261
MN,5,27,2295,671,398
MN,5,27,2300,703,473
MN,5,27,2310,595,497
MN,5,27,2315,357,252
MN,5,27,2320,220,128
MN,5,27,2330,763,566
MN,5,27,2335,489,304
MN,3,27,2355,390,712
MN,3,27,2360,173,339
MN,3,27,2365,301,483
MN,3,27,2370,447,767
MN,3,27,2385,452,419
MN,3,27,2400,297,373
MN,3,27,2405,690,999
MN,3,27,2410,379,593
MN,3,27,2415,628,718
MN,3,27,2420,635,748
MN,3,27,2425,387,502
MN,3,27,2430,919,1188
MN,3,27,2435,561,579
MN,3,27,2440,961,722
MN,3,27,2445,424,568
MN,3,27,2450,535,533
MN,3,27,2455,466,551
MN,3,27,2460,672,621
MN,3,27,2465,1152,1019
MN,3,27,2470,580,516
MN,3,27,2475,798,738
MN,3,27,2480,414,296
MN,3,27,2485,572,711
MN,3,27,2490,496,467
MN,3,27,2495,660,754
MN,3,27,2500,694,721
MN,3,27,2505,720,553
MN,3,27,2510,582,508
MN,5,27,2575,1015,530
MN,5,27,2580,728,361
MN,5,27,2585,1060,516
MN,5,27,2590,1088,475
MN,5,27,2595,906,494
MN,5,27,2600,663,385
MN,5,27,2605,529,285
MN,5,27,2610,625,303
MN,5,27,2615,845,434
MN,5,27,2645,772,435
MN,5,27,2655,1041,469
MN,5,27,2665,766,365
MN,5,27,2675,848,336
MN,6,27,2695,34,59
MN,3,27,2710,596,1143
MN,3,27,2715,909,1742
MN,3,27,2720,37,68
MN,3,27,2725,448,670
MN,3,27,2730,420,481
MN,3,27,2735,551,854
MN,3,27,2755,269,330
MN,5,27,2765,658,409
MN,5,27,2770,1059,665
MN,3,27,2780,368,577
MN,5,27,2790,1138,500
MN,5,27,2795,1202,515
MN,5,27,2800,357,118
MN,5,27,2805,433,180
MN,5,27,2810,462,259
MN,5,27,2815,817,361
MN,5,27,2820,1177,501
MN,5,27,2825,768,340
MN,5,27,2830,752,240
MN,5,27,2835,579,258
MN,5,27,2840,609,284
MN,5,27,2845,930,453
MN,5,27,2850,603,349
MN,5,27,2855,1257,491
MN,5,27,2860,607,272
MN,5,27,2865,468,259
MN,3,27,2900,289,437
MN,3,27,2910,821,1131
MN,3,27,2925,87,172
MN,1,28,5,56,61
MN,1,28,10,121,56
MN,1,28,15,102,76
MN,1,28,20,239,187
MN,1,28,25,291,258
MN,1,28,30,135,145
MN,1,28,35,52,41
MN,1,28,40,33,66
MN,1,28,45,103,83
MN,1,28,50,106,92
MN,1,28,55,173,174
MN,1,28,60,97,114
MN,1,28,65,24,18
MN,1,28,70,415,502
MN,1,28,75,378,252
MN,1,28,76,161,128
MN,1,28,80,244,337
MN,1,28,85,68,85
MN,1,28,90,112,133
MN,1,28,95,100,121
MN,1,28,100,51,63
MN,1,28,105,297,190
MN,1,28,110,70,106
MN,1,28,115,53,78
MN,1,28,120,77,94
MN,1,28,125,32,52
MN,1,28,130,82,95
MN,8,29,5,68,60
MN,8,29,10,118,124
MN,8,29,15,103,173
MN,8,29,20,29,24
MN,8,29,22,24,36
MN,8,29,25,31,46
MN,8,29,30,77,95
MN,8,29,35,190,153
MN,8,29,37,16,13
MN,8,29,40,42,61
MN,8,29,45,91,130
MN,8,29,50,55,83
MN,8,29,52,14,14
MN,8,29,55,285,333
MN,8,29,60,54,48
MN,8,29,65,243,427
MN,8,29,70,135,208
MN,8,29,75,14,24
MN,8,29,80,244,298
MN,8,29,85,64,104
MN,8,29,90,31,43
MN,8,29,95,187,129
MN,8,29,97,13,8
MN,8,29,100,23,23
MN,8,29,105,123,129
MN,8,29,110,48,82
MN,8,29,115,208,271
MN,8,29,120,209,215
MN,8,29,122,329,401
MN,8,29,125,99,117
MN,8,29,130,27,33
MN,8,29,135,36,22
MN,8,29,137,0,5
MN,8,29,140,107,174
MN,8,29,145,12,8
MN,8,29,150,195,341
MN,8,29,152,17,19
MN,8,29,155,99,110
MN,8,30,5,295,416
MN,8,30,10,479,675
MN,8,30,15,245,247
MN,8,30,20,884,811
MN,8,30,22,424,528
MN,8,30,25,394,560
MN,8,30,30,85,196
MN,8,30,35,551,773
MN,8,30,40,360,549
MN,8,30,45,127,170
MN,8,30,50,300,401
MN,8,30,55,113,202
MN,8,30,60,198,417
MN,8,30,65,256,373
MN,8,30,70,209,252
MN,8,30,75,294,569
MN,8,30,80,284,400
MN,8,31,5,6,12
MN,8,31,10,215,176
MN,8,31,15,35,52
MN,8,31,20,83,35
MN,8,31,25,156,114
MN,8,31,30,571,612
MN,8,31,35,271,266
MN,8,31,40,63,31
MN,8,31,45,86,46
MN,8,31,50,60,42
MN,8,31,55,187,187
MN,8,31,60,189,52
MN,8,31,65,65,39
MN,8,31,70,130,106
MN,8,31,74,88,25
MN,8,31,76,35,39
MN,8,31,85,490,270
MN,8,31,90,160,159
MN,8,31,95,0,1
MN,8,31,96,137,101
MN,8,31,101,136,140
MN,8,31,110,16,14
MN,8,31,120,92,58
MN,8,31,125,16,31
MN,8,31,130,130,93
MN,8,31,135,87,43
MN,8,31,140,444,247
MN,8,31,145,573,351
MN,8,31,151,404,275
MN,8,31,155,795,625
MN,8,31,175,5,15
MN,8,31,184,87,28
MN,8,31,189,7,5
MN,8,31,195,195,71
MN,8,31,200,771,725
MN,8,31,205,60,25
MN,8,31,215,319,82
MN,8,31,220,23,30
MN,8,31,225,54,43
MN,8,31,227,142,119
MN,8,31,230,146,50
MN,8,31,235,7,11
MN,8,31,240,165,73
MN,8,31,244,57,35
MN,8,31,245,70,59
MN,8,31,247,176,47
MN,8,31,249,105,118
MN,8,31,255,18,19
MN,8,31,260,167,89
MN,8,31,265,5,16
MN,8,31,270,111,140
MN,8,31,280,314,89
MN,8,31,285,233,97
MN,8,31,290,3,8
MN,8,31,295,52,62
MN,8,31,300,5,5
MN,8,31,305,44,42
MN,8,31,310,31,47
MN,8,31,320,52,56
MN,8,31,327,55,52
MN,8,31,330,13,6
MN,8,31,335,61,51
MN,8,31,338,39,16
MN,8,31,339,144,67
MN,8,31,340,245,272
MN,8,31,345,10,17
MN,8,31,350,290,194
MN,8,31,355,143,125
MN,8,31,360,38,16
MN,8,31,365,11,14
MN,8,31,370,6,4
MN,8,31,371,66,82
MN,8,31,372,41,29
MN,8,31,375,49,34
MN,8,31,380,25,20
MN,8,31,385,15,13
MN,1,32,5,23,47
MN,1,32,10,17,18
MN,1,32,15,30,53
MN,1,32,20,66,62
MN,1,32,25,44,55
MN,1,32,30,51,49
MN,1,32,35,25,55
MN,1,32,40,34,64
MN,1,32,45,119,74
MN,1,32,50,42,88
MN,1,32,55,37,59
MN,1,32,60,270,283
MN,1,32,70,247,296
MN,1,32,80,25,24
MN,1,32,85,18,30
MN,1,32,90,97,147
MN,1,32,95,119,141
MN,1,32,100,35,41
MN,1,32,105,40,70
MN,1,32,110,42,33
MN,1,32,115,29,71
MN,1,32,120,22,48
MN,1,32,125,24,37
MN,1,32,130,29,46
MN,1,32,135,24,41
MN,1,32,140,22,44
MN,1,32,145,15,4
MN,1,32,150,29,65
MN,8,33,5,61,80
MN,8,33,10,333,396
MN,8,33,20,216,255
MN,8,33,25,193,204
MN,8,33,30,30,54
MN,8,33,35,133,177
MN,8,33,40,21,25
MN,8,33,45,34,57
MN,8,33,50,63,95
MN,8,33,55,109,150
MN,8,33,60,238,259
MN,8,33,65,30,58
MN,8,33,70,644,549
MN,8,33,80,62,52
MN,8,33,85,168,181
MN,8,33,90,61,96
MN,8,33,95,13,21
MN,8,33,100,122,138
MN,8,33,105,176,213
MN,7,34,5,91,76
MN,7,34,10,202,153
MN,7,34,15,34,44
MN,7,34,20,87,103
MN,7,34,25,120,99
MN,7,34,30,447,622
MN,7,34,35,36,35
MN,7,34,40,28,84
MN,7,34,45,85,82
MN,7,34,50,73,72
MN,7,34,55,353,475
MN,7,34,60,127,146
MN,7,34,65,24,145
MN,7,34,70,197,293
MN,7,34,75,82,93
MN,7,34,80,110,160
MN,7,34,85,251,301
MN,7,34,90,45,24
MN,7,34,95,45,31
MN,7,34,100,32,54
MN,7,34,105,35,118
MN,7,34,110,271,213
MN,7,34,115,656,711
MN,7,34,120,64,70
MN,7,34,125,66,72
MN,7,34,130,9,268
MN,7,34,135,119,155
MN,7,34,140,12,7
MN,7,34,145,63,92
MN,7,34,150,69,118
MN,7,34,155,52,111
MN,7,34,160,232,247
MN,7,34,165,27,18
MN,7,34,170,71,137
MN,7,34,175,249,330
MN,7,34,180,196,119
MN,7,34,185,220,169
MN,7,34,190,324,213
MN,7,34,195,355,353
MN,7,34,200,372,409
MN,7,34,205,358,319
MN,7,34,210,197,121
MN,7,34,215,210,183
MN,7,34,220,214,165
MN,7,34,225,210,154
MN,7,34,230,307,248
MN,7,34,235,101,110
MN,7,35,5,12,20
MN,7,35,10,9,1
MN,7,35,15,8,10
MN,7,35,20,10,8
MN,7,35,25,15,7
MN,7,35,30,26,21
MN,7,35,35,6,3
MN,7,35,40,26,11
MN,7,35,45,249,183
MN,7,35,50,31,20
MN,7,35,55,8,6
MN,7,35,60,11,12
MN,7,35,65,13,16
MN,7,35,70,10,0
MN,7,35,75,9,4
MN,7,35,80,22,26
MN,7,35,85,115,130
MN,7,35,90,79,20
MN,7,35,95,45,22
MN,7,35,100,98,53
MN,7,35,105,3,9
MN,7,35,115,20,8
MN,7,35,118,1,2
MN,7,35,120,8,9
MN,7,35,125,19,2
MN,7,35,130,31,13
MN,7,35,135,26,25
MN,7,35,140,11,6
MN,7,35,145,1,5
MN,7,35,150,13,22
MN,7,35,155,25,7
MN,7,35,160,8,3
MN,7,35,165,9,18
MN,7,35,170,17,6
MN,7,35,175,12,9
MN,7,35,180,11,11
MN,7,35,185,43,42
MN,8,36,5,58,49
MN,8,36,23,13,13
MN,8,36,50,422,226
MN,8,36,55,415,178
MN,8,36,60,615,313
MN,8,36,70,34,35
MN,8,36,75,324,214
MN,8,36,80,150,102
MN,8,36,82,137,88
MN,8,36,83,135,90
MN,8,36,90,150,101
MN,8,36,100,6,14
MN,8,36,115,37,19
MN,8,36,120,57,32
MN,8,36,121,128,44
MN,8,36,140,28,21
MN,8,36,170,22,31
MN,8,36,180,138,128
MN,8,36,185,108,107
MN,8,36,190,13,1
MN,8,36,195,66,97
MN,7,37,5,16,20
MN,7,37,10,17,33
MN,7,37,15,26,22
MN,7,37,20,45,35
MN,7,37,25,33,30
MN,7,37,30,38,16
MN,7,37,35,38,87
MN,7,37,40,44,38
MN,7,37,45,333,207
MN,7,37,60,25,20
MN,7,37,65,33,21
MN,7,37,70,45,27
MN,7,37,75,35,30
MN,7,37,80,51,39
MN,7,37,85,48,40
MN,7,37,90,13,11
MN,7,37,95,331,261
MN,7,37,110,35,43
MN,7,37,115,25,15
MN,7,37,120,33,26
MN,7,37,125,29,30
MN,7,37,130,18,13
MN,7,37,135,8,16
MN,7,37,140,13,27
MN,7,37,145,38,32
MN,7,37,150,78,60
MN,7,37,155,31,32
MN,7,37,160,18,42
MN,7,37,165,16,46
MN,8,38,5,32,29
MN,8,38,10,60,56
MN,8,38,20,81,51
MN,8,38,25,146,52
MN,8,38,35,204,175
MN,8,38,40,166,108
MN,8,38,50,286,234
MN,8,38,60,355,174
MN,8,38,65,42,31
MN,8,38,70,247,110
MN,8,38,80,152,93
MN,8,38,90,257,109
MN,8,38,105,298,144
MN,8,38,110,42,25
MN,8,38,115,130,59
MN,8,38,120,190,114
MN,8,38,125,200,116
MN,8,38,130,114,68
MN,8,38,135,28,44
MN,7,39,5,36,59
MN,7,39,10,129,102
MN,7,39,15,39,51
MN,7,39,20,71,110
MN,7,39,30,59,99
MN,7,39,31,20,21
MN,7,39,35,13,22
MN,7,39,40,71,89
MN,7,39,44,102,102
MN,7,39,45,22,30
MN,7,39,46,14,22
MN,7,39,50,84,152
MN,7,39,55,25,21
MN,7,39,65,31,34
MN,7,39,70,22,49
MN,7,39,80,17,21
MN,1,40,5,135,111
MN,1,40,10,140,165
MN,1,40,15,83,68
MN,1,40,20,81,110
MN,1,40,25,129,139
MN,1,40,30,173,246
MN,1,40,35,25,22
MN,1,40,40,105,62
MN,1,40,45,90,78
MN,1,40,47,232,222
MN,1,40,50,27,25
MN,1,40,55,66,86
MN,1,40,62,271,447
MN,1,40,65,297,334
MN,1,40,75,351,346
MN,1,40,80,198,199
MN,1,40,85,114,156
MN,1,40,90,421,402
MN,1,40,100,92,143
MN,1,40,105,410,518
MN,1,40,110,68,57
MN,1,40,115,133,139
MN,1,40,120,114,110
MN,1,40,125,139,256
MN,1,40,130,275,229
MN,1,40,140,114,156
MN,7,41,5,42,36
MN,7,41,10,22,15
MN,7,41,15,46,36
MN,7,41,20,17,41
MN,7,41,25,10,23
MN,7,41,30,19,21
MN,7,41,35,106,111
MN,7,41,40,34,47
MN,7,41,45,40,57
MN,7,41,50,156,88
MN,7,41,55,101,143
MN,7,41,60,22,46
MN,7,41,65,28,20
MN,7,41,70,28,38
MN,7,41,75,35,21
MN,7,41,80,29,44
MN,7,41,85,40,31
MN,7,41,90,46,45
MN,7,41,95,212,196
MN,7,41,100,14,28
MN,7,42,5,25,65
MN,7,42,10,86,109
MN,7,42,15,28,52
MN,7,42,20,47,55
MN,7,42,25,206,230
MN,7,42,30,27,35
MN,7,42,35,34,60
MN,7,42,40,45,84
MN,7,42,45,6,6
MN,7,42,50,18,12
MN,7,42,55,60,52
MN,7,42,60,44,84
MN,7,42,65,22,44
MN,7,42,70,67,154
MN,7,42,75,31,56
MN,7,42,80,41,69
MN,7,42,85,65,120
MN,7,42,90,19,70
MN,7,42,95,489,560
MN,7,42,105,663,774
MN,7,42,115,550,616
MN,7,42,125,221,270
MN,7,42,130,21,45
MN,7,42,135,34,52
MN,7,42,140,29,93
MN,7,42,145,65,52
MN,7,42,150,26,35
MN,7,42,155,35,85
MN,7,42,160,22,69
MN,7,42,165,31,12
MN,7,42,170,330,270
MN,7,42,180,38,50
MN,7,42,185,35,67
MN,7,43,5,179,324
MN,7,43,10,89,241
MN,7,43,15,18,16
MN,7,43,20,95,134
MN,7,43,25,68,103
MN,7,43,30,169,230
MN,7,43,35,144,217
MN,7,43,40,209,229
MN,7,43,45,152,207
MN,7,43,50,66,150
MN,7,43,55,121,193
MN,7,43,60,98,153
MN,7,43,65,107,223
MN,7,43,70,553,780
MN,7,43,75,581,748
MN,7,43,80,719,920
MN,7,43,95,178,346
MN,7,43,100,173,324
MN,7,43,105,59,132
MN,7,43,110,38,73
MN,7,43,115,40,75
MN,7,43,120,92,163
MN,7,43,125,23,60
MN,7,43,130,111,109
MN,7,43,135,79,75
MN,7,43,140,65,117
MN,7,43,145,202,444
MN,7,43,150,119,223
MN,7,44,5,12,17
MN,7,44,10,25,7
MN,7,44,15,16,18
MN,7,44,20,25,22
MN,7,44,25,10,6
MN,7,44,30,21,17
MN,7,44,35,30,16
MN,7,44,40,40,37
MN,7,44,45,24,31
MN,7,44,50,42,29
MN,7,44,55,230,132
MN,7,44,60,26,29
MN,7,44,65,35,44
MN,7,44,70,99,83
MN,7,44,75,27,18
MN,7,44,80,36,36
MN,7,44,85,103,24
MN,7,44,90,71,19
MN,7,44,95,69,39
MN,7,45,5,19,28
MN,7,45,10,23,17
MN,7,45,15,45,47
MN,7,45,20,147,125
MN,7,45,25,9,15
MN,7,45,30,6,8
MN,7,45,35,27,18
MN,7,45,40,7,10
MN,7,45,45,16,20
MN,7,45,50,17,7
MN,7,45,55,28,35
MN,7,45,60,3,9
MN,7,45,65,0,3
MN,7,45,70,3,2
MN,7,45,75,3,11
MN,7,45,80,18,13
MN,7,45,85,11,7
MN,7,45,90,57,54
MN,7,45,95,22,16
MN,7,45,100,2,4
MN,7,45,105,11,11
MN,7,45,110,48,22
MN,7,45,115,17,8
MN,7,45,120,25,30
MN,7,45,125,14,11
MN,7,45,130,27,17
MN,7,45,135,6,2
MN,7,45,140,44,75
MN,7,45,145,20,40
MN,7,45,150,65,42
MN,7,45,155,20,20
MN,7,45,160,3,12
MN,7,45,165,28,18
MN,7,45,170,32,26
MN,7,45,175,60,56
MN,7,45,180,36,55
MN,7,45,185,47,35
MN,7,45,190,52,61
MN,7,45,195,29,28
MN,7,45,200,62,19
MN,7,45,205,11,9
MN,7,45,210,32,26
MN,7,45,215,7,8
MN,7,45,220,39,38
MN,7,45,225,156,102
MN,7,45,230,35,4
MN,7,45,235,15,23
MN,7,45,240,19,5
MN,7,45,245,33,38
MN,7,45,250,27,37
MN,7,45,255,8,9
MN,7,45,260,10,20
MN,7,45,265,34,37
MN,7,45,270,20,16
MN,7,45,275,182,201
MN,7,45,280,121,172
MN,7,45,285,12,37
MN,7,45,290,21,27
MN,7,45,295,11,6
MN,7,45,300,14,32
MN,1,46,5,30,74
MN,1,46,10,27,60
MN,1,46,15,63,54
MN,1,46,20,48,32
MN,1,46,25,32,98
MN,1,46,30,32,51
MN,1,46,35,169,298
MN,1,46,40,249,416
MN,1,46,50,195,260
MN,1,46,55,224,362
MN,1,46,65,131,142
MN,1,46,70,140,221
MN,1,46,80,132,213
MN,1,46,85,136,138
MN,1,46,95,38,96
MN,1,46,100,43,75
MN,1,46,105,26,74
MN,1,46,110,34,61
MN,1,46,115,60,52
MN,1,46,120,26,78
MN,1,46,125,28,58
MN,1,46,130,25,39
MN,1,46,135,54,94
MN,1,46,140,21,57
MN,1,46,145,39,54
MN,1,46,150,8,10
MN,1,46,155,39,48
MN,1,46,160,35,64
MN,1,46,165,59,106
MN,1,46,170,163,207
MN,1,46,175,69,159
MN,1,46,180,41,76
MN,1,46,185,105,150
MN,1,46,195,144,220
MN,1,46,200,38,42
MN,1,46,205,113,123
MN,1,46,210,34,87
MN,7,47,5,80,69
MN,7,47,10,6,9
MN,7,47,15,54,111
MN,7,47,20,133,323
MN,7,47,25,77,64
MN,7,47,30,29,42
MN,7,47,35,55,63
MN,7,47,40,45,75
MN,7,47,45,140,184
MN,7,47,50,207,290
MN,7,47,55,243,408
MN,7,47,60,75,64
MN,7,47,65,128,268
MN,7,47,70,114,159
MN,7,47,75,132,178
MN,7,47,80,156,169
MN,7,47,85,104,86
MN,7,47,90,62,79
MN,7,47,95,20,37
MN,7,47,100,153,349
MN,7,47,105,242,233
MN,7,47,110,261,218
MN,7,47,115,201,220
MN,7,47,120,257,248
MN,7,47,125,186,180
MN,7,47,130,174,221
MN,7,47,135,80,101
MN,7,47,140,53,85
MN,7,47,145,98,159
MN,7,47,150,132,119
MN,8,48,5,8,14
MN,8,48,10,177,306
MN,8,48,15,254,330
MN,8,48,20,31,29
MN,8,48,25,26,47
MN,8,48,30,164,157
MN,8,48,35,53,64
MN,8,48,40,158,273
MN,8,48,45,85,83
MN,8,48,50,152,147
MN,8,48,55,94,104
MN,8,48,60,240,120
MN,8,48,65,4,6
MN,8,48,70,456,435
MN,8,48,75,212,362
MN,8,48,80,167,370
MN,8,48,85,15,17
MN,8,48,90,166,100
MN,8,48,95,101,80
MN,8,48,100,99,129
MN,8,48,105,27,33
MN,8,48,110,690,635
MN,8,48,115,310,439
MN,8,48,120,118,175
MN,8,48,125,60,43
MN,8,49,5,88,157
MN,8,49,10,97,185
MN,8,49,15,144,275
MN,8,49,20,33,47
MN,8,49,25,29,56
MN,8,49,30,70,184
MN,8,49,35,67,131
MN,8,49,45,64,109
MN,8,49,50,102,158
MN,8,49,55,86,144
MN,8,49,60,12,28
MN,8,49,65,90,268
MN,8,49,70,44,52
MN,8,49,75,13,10
MN,8,49,80,70,122
MN,8,49,85,117,183
MN,8,49,90,22,20
MN,8,49,95,10,3
MN,8,49,100,32,42
MN,8,49,105,68,65
MN,8,49,110,19,21
MN,8,49,115,30,40
MN,8,49,120,498,430
MN,8,49,125,631,728
MN,8,49,130,360,382
MN,8,49,135,299,411
MN,8,49,140,90,103
MN,8,49,145,76,87
MN,8,49,150,33,64
MN,8,49,155,17,20
MN,8,49,160,74,101
MN,8,49,165,207,281
MN,8,49,170,57,105
MN,8,49,175,155,247
MN,8,49,180,42,68
MN,8,49,185,54,61
MN,8,49,195,74,105
MN,8,49,200,63,124
MN,8,49,205,115,178
MN,8,49,210,17,55
MN,8,49,215,147,186
MN,8,49,220,245,391
MN,8,49,225,37,26
MN,8,49,230,133,159
MN,8,49,235,49,52
MN,8,49,240,58,150
MN,8,49,245,103,182
MN,8,49,250,52,85
MN,1,50,5,139,110
MN,1,50,10,99,83
MN,1,50,15,594,373
MN,1,50,20,598,360
MN,1,50,30,624,462
MN,1,50,35,810,661
MN,1,50,50,387,216
MN,1,50,55,611,326
MN,1,50,70,186,152
MN,1,50,75,22,30
MN,1,50,80,119,122
MN,1,50,85,31,42
MN,1,50,90,61,68
MN,1,50,95,46,62
MN,1,50,100,23,25
MN,1,50,105,38,116
MN,1,50,110,176,232
MN,1,50,115,44,94
MN,1,50,120,168,148
MN,1,50,125,157,160
MN,1,50,130,47,65
MN,1,50,135,41,44
MN,1,50,140,96,66
MN,1,50,145,70,74
MN,1,50,150,53,14
MN,1,50,155,51,67
MN,1,50,160,78,62
MN,1,50,165,47,82
MN,1,50,170,25,98
MN,1,50,175,44,133
MN,1,50,180,125,126
MN,1,50,185,85,50
MN,1,50,190,6,12
MN,1,50,195,37,79
MN,1,50,200,14,2
MN,1,50,205,94,72
MN,1,50,210,32,19
MN,1,50,215,46,94
MN,1,50,220,81,63
MN,7,51,5,15,28
MN,7,51,10,34,39
MN,7,51,15,42,64
MN,7,51,20,12,25
MN,7,51,25,13,60
MN,7,51,30,10,84
MN,7,51,35,51,35
MN,7,51,40,22,34
MN,7,51,45,21,38
MN,7,51,46,18,11
MN,7,51,50,31,32
MN,7,51,55,19,39
MN,7,51,60,219,192
MN,7,51,65,22,5
MN,7,51,70,15,22
MN,7,51,75,39,22
MN,7,51,80,22,24
MN,7,51,85,73,94
MN,7,51,90,66,53
MN,7,51,95,20,64
MN,7,51,100,37,44
MN,7,51,105,28,46
MN,7,51,110,76,75
MN,7,51,115,17,54
MN,7,51,120,24,53
MN,7,51,125,62,80
MN,7,51,130,22,17
MN,7,51,135,417,354
MN,7,51,140,63,75
MN,1,52,5,198,227
MN,1,52,10,42,57
MN,1,52,15,18,21
MN,1,52,20,100,134
MN,1,52,25,79,138
MN,1,52,30,34,80
MN,1,52,35,75,82
MN,1,52,40,122,144
MN,1,52,45,140,157
MN,1,52,55,47,74
MN,1,52,60,175,203
MN,1,52,65,88,128
MN,1,52,70,416,223
MN,1,52,75,419,226
MN,1,52,80,363,305
MN,1,52,85,501,418
MN,1,52,90,373,485
MN,1,52,95,432,431
MN,1,52,100,81,71
MN,1,52,110,128,87
MN,1,52,115,17,17
MN,1,52,120,514,306
MN,1,52,125,594,353
MN,1,52,130,437,144
MN,1,52,135,535,242
MN,1,52,140,51,64
MN,1,52,145,65,110
MN,1,53,5,159,147
MN,1,53,10,26,20
MN,1,53,15,59,106
MN,1,53,20,29,32
MN,1,53,25,72,69
MN,1,53,30,41,53
MN,1,53,35,25,8
MN,1,53,40,39,68
MN,1,53,45,62,89
MN,1,53,50,43,38
MN,1,53,55,10,59
MN,1,53,60,28,37
MN,1,53,65,30,71
MN,1,53,70,1,3
MN,1,53,75,14,34
MN,1,53,80,25,142
MN,1,53,85,41,36
MN,1,53,90,12,12
MN,1,53,95,7,40
MN,1,53,100,42,60
MN,1,53,105,14,23
MN,1,53,110,32,51
MN,1,53,115,63,55
MN,1,53,120,40,46
MN,1,53,125,32,50
MN,1,53,130,48,52
MN,1,53,135,15,30
MN,1,53,140,53,59
MN,1,53,145,19,39
MN,1,53,150,191,179
MN,1,53,155,103,89
MN,1,53,160,102,61
MN,1,53,165,74,38
MN,1,53,166,127,100
MN,1,53,170,317,385
MN,1,53,175,104,95
MN,1,53,180,101,89
MN,1,53,185,148,105
MN,1,53,186,222,262
MN,1,53,190,49,94
MN,7,54,5,170,117
MN,7,54,10,187,136
MN,7,54,15,17,8
MN,7,54,20,51,20
MN,7,54,25,11,9
MN,7,54,30,56,21
MN,7,54,35,37,23
MN,7,54,40,62,18
MN,7,54,45,5,7
MN,7,54,50,24,10
MN,7,54,55,85,58
MN,7,54,60,15,27
MN,7,54,65,12,16
MN,7,54,70,57,41
MN,7,54,75,23,9
MN,7,54,80,26,19
MN,7,54,85,39,26
MN,7,54,90,38,9
MN,7,54,95,19,13
MN,7,54,100,36,29
MN,7,54,105,26,7
MN,7,54,110,14,3
MN,7,54,115,29,17
MN,7,54,120,13,12
MN,7,54,125,37,26
MN,7,54,130,24,15
MN,7,54,135,7,15
MN,7,54,140,27,7
MN,7,54,145,38,13
MN,7,54,150,156,33
MN,7,54,155,24,13
MN,7,54,160,48,33
MN,7,54,165,16,3
MN,1,55,5,718,945
MN,1,55,10,430,566
MN,1,55,11,48,89
MN,1,55,12,21,57
MN,1,55,15,154,196
MN,1,55,20,84,108
MN,1,55,25,40,97
MN,1,55,30,47,85
MN,1,55,35,229,339
MN,1,55,40,61,142
MN,1,55,45,68,109
MN,1,55,50,284,371
MN,1,55,55,112,295
MN,1,55,60,155,308
MN,1,55,65,592,863
MN,1,55,70,187,341
MN,1,55,75,85,136
MN,1,55,80,179,322
MN,1,55,85,302,517
MN,1,55,88,93,125
MN,1,55,90,76,216
MN,1,55,95,38,68
MN,1,55,96,202,174
MN,1,55,98,341,316
MN,1,55,100,467,533
MN,1,55,102,166,169
MN,1,55,104,347,442
MN,1,55,106,112,73
MN,1,55,108,455,520
MN,1,55,110,320,398
MN,1,55,112,241,307
MN,1,55,114,63,75
MN,1,55,116,246,294
MN,1,55,118,83,85
MN,1,55,122,307,138
MN,1,55,124,744,381
MN,1,55,126,321,326
MN,1,55,128,490,458
MN,1,55,130,280,273
MN,1,55,132,254,262
MN,1,55,134,576,551
MN,1,55,136,441,520
MN,1,55,140,296,347
MN,1,55,142,343,428
MN,1,55,144,306,386
MN,1,55,146,326,248
MN,1,55,148,610,555
MN,1,55,150,279,369
MN,1,55,152,407,423
MN,1,55,154,471,259
MN,1,55,156,153,99
MN,1,55,158,251,177
MN,1,55,160,236,190
MN,1,55,162,281,194
MN,1,55,164,81,47
MN,1,55,166,262,256
MN,1,55,168,188,201
MN,1,55,170,50,60
MN,1,55,172,496,301
MN,1,55,174,244,232
MN,1,55,176,573,560
MN,1,55,178,535,423
MN,1,55,180,601,634
MN,1,55,182,211,188
MN,1,55,184,542,634
MN,1,55,186,146,119
MN,1,55,194,640,609
MN,1,55,196,617,542
MN,1,55,198,367,312
MN,1,55,200,428,340
MN,1,55,202,172,115
MN,1,55,204,187,144
MN,1,55,206,402,328
MN,1,55,208,233,199
MN,1,55,210,331,451
MN,1,55,212,1,4
MN,1,55,213,9,9
MN,1,55,215,71,187
MN,1,55,220,167,301
MN,1,55,225,670,1306
MN,1,55,230,76,161
MN,7,56,5,31,53
MN,7,56,10,98,99
MN,7,56,15,219,382
MN,7,56,20,138,197
MN,7,56,25,28,66
MN,7,56,30,14,58
MN,7,56,35,33,119
MN,7,56,40,72,134
MN,7,56,45,37,80
MN,7,56,50,82,162
MN,7,56,55,29,54
MN,7,56,60,17,17
MN,7,56,65,98,129
MN,7,56,70,59,160
MN,7,56,75,56,122
MN,7,56,80,44,37
MN,7,56,85,141,249
MN,7,56,90,66,107
MN,7,56,95,33,52
MN,7,56,100,41,74
MN,7,56,105,20,28
MN,7,56,110,154,180
MN,7,56,115,164,256
MN,7,56,120,84,94
MN,7,56,125,63,49
MN,7,56,130,127,259
MN,7,56,135,28,43
MN,7,56,140,27,30
MN,7,56,145,132,182
MN,7,56,150,49,52
MN,7,56,155,14,18
MN,7,56,160,76,81
MN,7,56,165,169,208
MN,7,56,170,206,219
MN,7,56,175,179,293
MN,7,56,180,244,344
MN,7,56,185,261,428
MN,7,56,190,209,284
MN,7,56,195,222,300
MN,7,56,200,235,362
MN,7,56,205,213,337
MN,7,56,210,140,254
MN,7,56,215,52,64
MN,7,56,220,146,158
MN,7,56,225,158,227
MN,7,56,230,51,114
MN,7,56,235,121,152
MN,7,56,240,62,76
MN,7,56,245,170,190
MN,7,56,250,51,67
MN,7,56,255,34,60
MN,7,56,260,85,184
MN,7,56,265,50,54
MN,7,56,270,172,188
MN,7,56,275,97,181
MN,7,56,280,36,68
MN,7,56,285,113,181
MN,7,56,290,180,186
MN,7,56,295,75,81
MN,7,56,300,65,50
MN,7,56,305,34,62
MN,7,56,310,27,48
MN,7,56,315,29,41
MN,7,56,320,72,153
MN,7,56,325,114,155
MN,7,56,330,73,160
MN,7,56,335,30,102
MN,7,56,340,139,178
MN,7,56,345,55,81
MN,7,56,350,143,125
MN,7,56,355,245,278
MN,7,56,360,280,485
MN,7,56,365,100,234
MN,7,56,370,85,169
MN,7,56,375,13,13
MN,7,56,380,39,21
MN,7,56,385,137,267
MN,7,56,390,83,100
MN,7,56,395,104,118
MN,7,56,400,69,128
MN,7,56,405,131,140
MN,7,56,410,107,110
MN,7,56,415,25,39
MN,7,56,420,82,124
MN,7,56,425,61,56
MN,7,56,430,3,6
MN,7,56,435,55,74
MN,7,56,440,19,20
MN,7,56,445,18,34
MN,7,56,450,11,27
MN,7,56,455,41,52
MN,7,57,5,10,11
MN,7,57,10,9,15
MN,7,57,15,18,18
MN,7,57,20,35,34
MN,7,57,25,21,15
MN,7,57,30,12,18
MN,7,57,35,23,17
MN,7,57,40,57,22
MN,7,57,45,25,33
MN,7,57,50,17,4
MN,7,57,55,75,89
MN,7,57,60,114,142
MN,7,57,65,6,23
MN,7,57,70,18,16
MN,7,57,75,30,15
MN,7,57,80,31,43
MN,7,57,85,105,116
MN,7,57,90,98,134
MN,7,57,95,52,44
MN,7,57,100,58,75
MN,7,57,105,39,36
MN,7,57,110,112,107
MN,7,57,115,29,17
MN,7,57,120,113,107
MN,7,57,125,138,115
MN,7,57,135,233,214
MN,7,57,150,146,100
MN,7,57,155,123,133
MN,7,57,165,238,221
MN,7,57,180,350,380
MN,7,57,195,21,11
MN,8,58,5,81,67
MN,8,58,10,23,18
MN,8,58,15,74,45
MN,8,58,20,81,119
MN,8,58,25,56,29
MN,8,58,30,59,47
MN,8,58,35,20,11
MN,8,58,40,75,68
MN,8,58,45,18,13
MN,8,58,50,28,32
MN,8,58,55,179,192
MN,8,58,60,49,94
MN,8,58,65,15,26
MN,8,58,70,7,31
MN,8,58,75,131,149
MN,8,58,80,6,8
MN,8,58,85,46,65
MN,8,58,90,69,96
MN,8,58,95,26,23
MN,8,58,100,15,8
MN,8,58,105,219,181
MN,8,58,110,132,174
MN,8,58,115,14,8
MN,8,58,120,58,40
MN,8,58,125,120,87
MN,8,58,135,93,104
MN,8,58,140,44,44
MN,8,58,145,14,4
MN,8,58,150,34,26
MN,8,58,155,63,46
MN,8,58,160,58,35
MN,8,58,165,6,7
MN,8,58,170,122,138
MN,8,58,175,520,447
MN,8,58,185,242,278
MN,8,58,190,113,138
MN,8,58,195,540,522
MN,8,58,200,263,308
MN,8,58,205,174,235
MN,8,58,207,40,26
MN,8,58,210,212,169
MN,8,58,215,114,172
MN,8,58,221,87,58
MN,8,58,225,61,50
MN,8,58,230,78,45
MN,8,58,235,14,16
MN,8,58,240,467,263
MN,7,59,5,27,62
MN,7,59,10,12,36
MN,7,59,15,15,90
MN,7,59,20,45,71
MN,7,59,25,103,452
MN,7,59,30,16,77
MN,7,59,35,23,47
MN,7,59,40,28,59
MN,7,59,45,29,66
MN,7,59,50,10,5
MN,7,59,55,38,22
MN,7,59,60,11,14
MN,7,59,65,102,81
MN,7,59,70,16,119
MN,7,59,75,291,304
MN,7,59,80,374,416
MN,7,59,100,18,37
MN,7,59,105,34,35
MN,7,59,110,48,91
MN,7,59,115,13,18
MN,7,59,120,31,87
MN,7,59,125,12,22
MN,7,60,5,24,37
MN,7,60,10,10,21
MN,7,60,15,11,24
MN,7,60,20,8,19
MN,7,60,25,25,10
MN,7,60,30,37,57
MN,7,60,35,11,9
MN,7,60,40,6,7
MN,7,60,45,45,54
MN,7,60,50,19,9
MN,7,60,55,37,14
MN,7,60,60,51,99
MN,7,60,65,207,177
MN,7,60,70,227,236
MN,7,60,75,200,118
MN,7,60,80,155,122
MN,7,60,85,195,155
MN,7,60,90,160,151
MN,7,60,105,67,95
MN,7,60,110,258,292
MN,7,60,120,224,246
MN,7,60,130,103,75
MN,7,60,140,209,172
MN,7,60,150,235,235
MN,7,60,160,40,30
MN,7,60,165,82,49
MN,7,60,170,23,44
MN,7,60,175,27,24
MN,7,60,180,39,31
MN,7,60,185,36,16
MN,7,60,190,2,15
MN,7,60,195,157,138
MN,7,60,200,61,73
MN,7,60,205,23,46
MN,7,60,210,199,212
MN,7,60,220,45,34
MN,7,60,225,87,83
MN,7,60,230,47,54
MN,7,60,235,70,63
MN,7,60,240,28,19
MN,7,60,245,46,54
MN,7,60,250,11,3
MN,7,60,255,19,11
MN,7,60,260,7,14
MN,7,60,265,11,16
MN,7,60,270,16,21
MN,7,60,275,30,34
MN,7,60,280,16,23
MN,7,60,285,50,86
MN,7,60,290,12,4
MN,7,60,295,20,24
MN,7,60,300,20,16
MN,7,60,305,30,46
MN,7,60,310,85,114
MN,7,60,315,10,17
MN,7,60,320,21,62
MN,7,60,325,19,30
MN,7,60,330,17,55
MN,7,60,335,85,112
MN,7,60,340,30,26
MN,7,60,345,16,23
MN,7,60,350,7,9
MN,7,60,355,16,38
MN,7,60,360,11,13
MN,7,60,365,6,18
MN,7,60,370,38,36
MN,7,60,375,8,12
MN,7,60,380,8,27
MN,7,60,385,25,49
MN,7,60,390,50,62
MN,7,60,395,5,6
MN,7,60,400,8,12
MN,7,60,405,8,34
MN,7,60,410,18,32
MN,7,60,415,16,24
MN,7,60,420,29,13
MN,7,60,430,16,10
MN,7,60,435,14,13
MN,7,60,440,16,19
MN,7,60,445,19,25
MN,7,60,450,17,31
MN,7,60,455,80,103
MN,7,61,5,15,49
MN,7,61,10,34,37
MN,7,61,15,54,58
MN,7,61,20,41,50
MN,7,61,25,62,50
MN,7,61,30,33,44
MN,7,61,35,14,4
MN,7,61,40,42,49
MN,7,61,45,495,333
MN,7,61,50,80,71
MN,7,61,55,239,247
MN,7,61,60,38,66
MN,7,61,65,35,27
MN,7,61,70,27,24
MN,7,61,75,41,38
MN,7,61,80,126,139
MN,7,61,85,100,112
MN,7,61,90,53,69
MN,7,61,95,136,131
MN,7,61,100,34,50
MN,7,61,105,46,61
MN,7,61,110,68,105
MN,7,61,115,26,30
MN,7,61,120,6,5
MN,7,61,125,277,187
MN,7,61,130,51,38
MN,7,61,135,22,52
MN,7,61,140,5,11
MN,7,61,145,40,59
MN,7,61,150,111,101
MN,4,62,10,909,733
MN,4,62,20,389,569
MN,4,62,30,757,635
MN,4,62,60,703,268
MN,4,62,70,778,307
MN,4,62,80,99,94
MN,4,62,90,593,226
MN,4,62,100,753,448
MN,4,62,110,704,530
MN,4,62,120,558,395
MN,4,62,130,345,178
MN,4,62,140,556,330
MN,4,62,150,434,305
MN,4,62,160,361,185
MN,4,62,170,463,283
MN,4,62,180,609,436
MN,4,62,190,607,512
MN,4,62,200,616,524
MN,4,62,210,245,160
MN,4,62,220,504,345
MN,4,62,230,401,334
MN,4,62,240,314,208
MN,4,62,250,594,371
MN,4,62,260,789,475
MN,4,62,270,792,778
MN,4,62,290,773,558
MN,4,62,300,443,320
MN,4,62,310,745,617
MN,4,62,320,387,216
MN,4,62,330,994,732
MN,4,62,335,474,275
MN,4,62,340,862,672
MN,4,62,350,1381,1128
MN,4,62,360,1093,822
MN,4,62,370,432,781
MN,4,62,380,468,838
MN,4,62,390,585,431
MN,4,62,400,487,345
MN,4,62,410,543,441
MN,4,62,420,607,473
MN,4,62,430,757,596
MN,4,62,440,369,256
MN,4,62,450,1113,617
MN,4,62,460,1312,924
MN,4,62,470,1091,565
MN,4,62,480,746,495
MN,4,62,490,857,516
MN,4,62,500,776,489
MN,4,62,510,993,547
MN,4,62,520,834,439
MN,5,62,530,705,382
MN,4,62,540,597,129
MN,4,62,550,871,164
MN,4,62,560,619,96
MN,4,62,570,468,67
MN,4,62,580,538,51
MN,4,62,590,1123,153
MN,4,62,600,755,168
MN,4,62,610,1004,145
MN,4,62,620,584,125
MN,4,62,630,105,28
MN,4,62,640,403,43
MN,4,62,650,175,66
MN,4,62,660,558,136
MN,4,62,670,276,39
MN,4,62,675,172,60
MN,4,62,678,95,23
MN,4,62,680,858,181
MN,4,62,690,830,236
MN,4,62,700,925,316
MN,4,62,710,772,187
MN,4,62,720,965,249
MN,4,62,730,291,82
MN,4,62,740,783,228
MN,4,62,750,406,100
MN,4,62,760,858,203
MN,4,62,770,11,8
MN,4,62,780,991,221
MN,4,62,790,759,220
MN,4,62,800,628,117
MN,4,62,810,600,156
MN,4,62,820,785,185
MN,4,62,840,1071,425
MN,4,62,850,1199,496
MN,4,62,860,1244,469
MN,4,62,870,656,244
MN,4,62,880,736,322
MN,4,62,890,955,419
MN,4,62,900,910,99
MN,4,62,910,830,227
MN,4,62,920,1199,419
MN,4,62,930,730,346
MN,4,62,940,678,167
MN,4,62,950,1019,215
MN,4,62,960,929,282
MN,4,62,970,1699,676
MN,4,62,1000,890,150
MN,4,62,1010,824,96
MN,4,62,1020,842,118
MN,4,62,1030,901,233
MN,4,62,1040,640,219
MN,4,62,1050,556,473
MN,4,62,1060,843,400
MN,4,62,1070,995,170
MN,4,62,1080,642,128
MN,4,62,1090,1028,198
MN,4,62,1100,1168,318
MN,4,62,1110,716,166
MN,4,62,1120,750,146
MN,4,62,1130,653,99
MN,4,62,1140,683,167
MN,4,62,1160,899,352
MN,4,62,1170,1260,417
MN,4,62,1180,950,195
MN,4,62,1190,1132,306
MN,4,62,1200,483,102
MN,4,62,1210,519,168
MN,4,62,1220,351,100
MN,4,62,1230,596,165
MN,4,62,1240,501,131
MN,4,62,1250,131,33
MN,4,62,1290,487,206
MN,4,62,1300,326,116
MN,4,62,1310,170,31
MN,4,62,1320,543,190
MN,4,62,1330,583,217
MN,4,62,1340,164,43
MN,4,62,1350,442,184
MN,4,62,1360,531,196
MN,4,62,1370,413,100
MN,4,62,1380,360,87
MN,4,62,1390,337,123
MN,4,62,1400,532,268
MN,4,62,1410,308,155
MN,4,62,1420,372,134
MN,4,62,1430,574,123
MN,4,62,1440,305,104
MN,4,62,1450,402,142
MN,4,62,1460,282,90
MN,4,62,1470,546,173
MN,4,62,1480,391,159
MN,4,62,1490,367,109
MN,4,62,1500,526,230
MN,4,62,1510,454,195
MN,4,62,1520,438,217
MN,4,62,1530,353,97
MN,4,62,1540,898,363
MN,4,62,1550,688,311
MN,4,62,1580,589,376
MN,4,62,1590,672,435
MN,4,62,1600,535,436
MN,4,62,1610,1295,1041
MN,4,62,1620,938,863
MN,4,62,1630,1370,1378
MN,4,62,1640,872,900
MN,4,62,1650,26,27
MN,4,62,1660,492,622
MN,4,62,1670,837,790
MN,4,62,1680,668,708
MN,4,62,1690,650,465
MN,4,62,1700,1023,1074
MN,4,62,1710,702,851
MN,4,62,1720,250,285
MN,4,62,1730,414,450
MN,4,62,1740,773,703
MN,4,62,1750,1094,919
MN,4,62,1760,774,731
MN,4,62,1765,135,96
MN,4,62,1770,990,806
MN,4,62,1780,1019,834
MN,7,63,5,5,30
MN,7,63,10,11,11
MN,7,63,15,31,29
MN,7,63,20,31,20
MN,7,63,25,39,21
MN,7,63,30,44,39
MN,7,63,35,14,37
MN,7,63,40,22,25
MN,7,63,45,40,27
MN,7,63,50,80,55
MN,7,63,55,41,34
MN,7,63,60,9,34
MN,7,63,65,92,68
MN,7,63,70,70,57
MN,7,63,75,96,53
MN,7,63,80,23,26
MN,7,63,85,15,8
MN,7,63,87,14,4
MN,7,63,90,14,9
MN,7,63,95,25,21
MN,7,63,100,8,16
MN,7,64,5,58,62
MN,7,64,10,13,58
MN,7,64,15,30,66
MN,7,64,20,11,32
MN,7,64,25,14,12
MN,7,64,30,53,70
MN,7,64,35,8,44
MN,7,64,40,22,68
MN,7,64,45,9,19
MN,7,64,50,17,24
MN,7,64,55,20,43
MN,7,64,60,125,144
MN,7,64,65,24,63
MN,7,64,70,21,47
MN,7,64,75,40,35
MN,7,64,80,118,160
MN,7,64,85,13,82
MN,7,64,90,14,69
MN,7,64,95,27,26
MN,7,64,105,96,102
MN,7,64,110,213,247
MN,7,64,115,230,296
MN,7,64,120,260,306
MN,7,64,125,21,56
MN,7,64,130,17,13
MN,7,64,135,39,62
MN,7,64,140,11,9
MN,7,64,145,22,47
MN,7,64,150,26,32
MN,7,64,155,32,36
MN,7,64,160,17,42
MN,7,64,165,24,28
MN,7,64,170,8,50
MN,7,64,175,19,64
MN,7,64,180,38,76
MN,7,64,185,21,37
MN,7,64,190,19,53
MN,7,64,195,102,176
MN,7,64,200,90,79
MN,7,64,205,12,28
MN,7,64,210,23,58
MN,7,64,215,21,49
MN,7,64,220,27,53
MN,7,65,5,26,33
MN,7,65,10,26,42
MN,7,65,15,46,38
MN,7,65,20,227,187
MN,7,65,25,42,52
MN,7,65,30,44,93
MN,7,65,35,9,52
MN,7,65,40,105,96
MN,7,65,45,23,46
MN,7,65,50,25,44
MN,7,65,55,28,65
MN,7,65,60,77,69
MN,7,65,65,40,30
MN,7,65,70,39,48
MN,7,65,75,157,173
MN,7,65,80,29,54
MN,7,65,85,78,57
MN,7,65,90,55,43
MN,7,65,95,141,187
MN,7,65,100,21,56
MN,7,65,105,30,42
MN,7,65,110,37,54
MN,7,65,115,19,31
MN,7,65,120,40,47
MN,7,65,125,63,42
MN,7,65,130,30,34
MN,7,65,135,485,443
MN,7,65,140,15,43
MN,7,65,145,48,47
MN,7,65,150,26,73
MN,7,65,155,200,168
MN,7,65,160,104,52
MN,7,65,165,65,40
MN,7,65,170,50,72
MN,7,65,175,52,60
MN,7,65,180,22,42
MN,7,65,185,39,53
MN,2,66,5,431,404
MN,1,66,10,190,257
MN,2,66,12,3,4
MN,2,66,15,238,215
MN,1,66,20,124,199
MN,1,66,25,590,492
MN,1,66,30,650,576
MN,1,66,35,941,755
MN,1,66,40,816,680
MN,1,66,55,200,298
MN,1,66,60,345,678
MN,1,66,65,158,146
MN,1,66,70,91,186
MN,2,66,75,46,49
MN,2,66,80,637,39
MN,2,66,85,995,569
MN,2,66,90,514,338
MN,2,66,95,567,358
MN,2,66,105,771,293
MN,2,66,113,686,182
MN,2,66,114,560,108
MN,2,66,115,173,179
MN,2,66,120,63,76
MN,1,66,125,182,232
MN,1,66,130,152,216
MN,1,66,135,192,336
MN,1,66,140,137,186
MN,2,66,142,157,250
MN,1,66,145,262,343
MN,1,66,150,153,269
MN,2,66,155,97,135
MN,1,67,5,12,49
MN,1,67,10,47,75
MN,1,67,15,52,82
MN,1,67,20,15,72
MN,1,67,25,8,28
MN,1,67,30,20,25
MN,1,67,35,68,156
MN,1,67,40,13,4
MN,1,67,45,17,42
MN,1,67,50,13,9
MN,1,67,55,334,362
MN,1,67,60,89,103
MN,1,67,65,144,167
MN,1,67,70,84,111
MN,1,67,75,23,63
MN,1,67,77,25,67
MN,1,67,80,14,26
MN,1,67,85,25,45
MN,1,67,90,34,124
MN,1,67,95,26,37
MN,1,67,100,20,46
MN,1,67,105,18,48
MN,1,67,110,9,35
MN,1,67,115,27,28
MN,7,68,5,54,74
MN,7,68,10,23,29
MN,7,68,15,35,30
MN,7,68,20,23,20
MN,7,68,25,9,40
MN,7,68,28,15,34
MN,7,68,30,19,32
MN,7,68,35,23,29
MN,7,68,40,14,38
MN,7,68,45,40,86
MN,7,68,50,49,56
MN,7,68,55,22,26
MN,7,68,60,142,120
MN,7,68,65,13,38
MN,7,68,70,49,45
MN,7,68,75,21,31
MN,7,68,80,78,119
MN,7,68,83,5,4
MN,7,68,85,158,397
MN,7,68,90,52,109
MN,7,68,95,1,18
MN,7,68,100,56,91
MN,7,68,105,39,62
MN,7,68,110,21,35
MN,7,68,115,70,239
MN,7,68,120,10,11
MN,7,68,121,13,39
MN,7,68,122,6,6
MN,7,68,125,11,14
MN,7,68,130,5,5
MN,7,68,135,8,5
MN,7,68,140,29,26
MN,7,68,145,21,18
MN,7,68,150,20,28
MN,7,68,155,345,477
MN,7,68,160,38,76
MN,7,68,165,25,60
MN,7,68,170,18,36
MN,7,68,175,64,150
MN,7,68,176,7,11
MN,7,68,180,45,53
MN,7,68,185,37,35
MN,7,68,190,7,4
MN,7,68,195,185,280
MN,8,69,5,70,23
MN,8,69,10,134,60
MN,8,69,15,72,19
MN,8,69,20,60,40
MN,8,69,25,52,32
MN,8,69,30,44,15
MN,8,69,31,30,9
MN,8,69,35,394,287
MN,8,69,40,250,132
MN,8,69,45,16,2
MN,8,69,50,145,118
MN,8,69,55,306,120
MN,8,69,60,267,197
MN,8,69,65,199,132
MN,8,69,66,2,3
MN,8,69,70,232,143
MN,8,69,75,16,2
MN,8,69,80,286,132
MN,8,69,85,491,426
MN,8,69,90,50,36
MN,8,69,95,271,115
MN,8,69,100,1271,479
MN,8,69,115,254,139
MN,8,69,120,85,75
MN,8,69,125,145,72
MN,8,69,130,135,76
MN,8,69,133,29,34
MN,8,69,135,63,20
MN,8,69,140,682,323
MN,8,69,145,719,263
MN,8,69,150,777,410
MN,8,69,155,711,378
MN,8,69,160,734,365
MN,8,69,165,1143,581
MN,8,69,170,760,307
MN,8,69,175,852,506
MN,8,69,180,438,206
MN,8,69,190,465,319
MN,8,69,195,1002,531
MN,8,69,200,643,200
MN,8,69,205,616,181
MN,8,69,210,483,125
MN,8,69,215,804,180
MN,8,69,220,827,335
MN,8,69,230,500,118
MN,8,69,240,473,146
MN,8,69,245,282,70
MN,8,69,250,349,119
MN,8,69,255,392,115
MN,8,69,260,582,304
MN,8,69,265,614,421
MN,8,69,270,696,356
MN,8,69,275,630,402
MN,8,69,280,473,179
MN,8,69,285,430,156
MN,8,69,290,228,90
MN,8,69,295,724,242
MN,8,69,300,581,201
MN,8,69,305,489,185
MN,8,69,315,819,352
MN,8,69,320,378,167
MN,8,69,325,690,274
MN,8,69,435,551,336
MN,8,69,437,74,66
MN,8,69,440,54,36
MN,8,69,445,31,28
MN,8,69,450,862,552
MN,8,69,470,170,109
MN,8,69,475,426,163
MN,8,69,480,357,141
MN,8,69,485,154,65
MN,8,69,505,19,12
MN,8,69,510,679,404
MN,8,69,515,96,58
MN,8,69,520,24,33
MN,8,69,525,136,39
MN,8,69,530,60,43
MN,8,69,540,363,325
MN,8,69,545,213,119
MN,8,69,550,477,243
MN,8,69,565,434,358
MN,8,69,570,601,476
MN,8,69,575,113,83
MN,8,69,580,41,11
MN,8,69,585,284,236
MN,8,69,590,36,27
MN,8,69,591,16,11
MN,8,69,595,619,454
MN,8,69,600,624,400
MN,8,69,605,787,541
MN,8,69,615,183,71
MN,8,69,620,110,38
MN,8,69,625,279,127
MN,8,69,630,246,152
MN,8,69,635,499,217
MN,8,69,640,219,111
MN,8,69,645,168,95
MN,8,69,650,233,137
MN,8,69,655,523,251
MN,8,69,660,680,344
MN,8,69,665,845,385
MN,8,69,735,587,320
MN,8,69,750,195,105
MN,8,69,755,24,23
MN,8,69,760,33,25
MN,8,69,765,71,21
MN,8,69,770,569,425
MN,8,69,775,73,55
MN,8,69,780,83,89
MN,8,69,785,22,5
MN,8,69,790,30,25
MN,8,69,795,140,78
MN,8,69,797,34,12
MN,8,69,799,24,9
MN,8,69,800,80,38
MN,8,69,805,380,203
MN,8,69,810,26,12
MN,8,69,815,418,289
MN,8,69,820,455,204
MN,8,69,821,27,9
MN,8,69,825,456,227
MN,8,69,840,17,12
MN,8,69,845,90,36
MN,8,69,850,191,142
MN,8,69,852,54,49
MN,8,69,855,56,41
MN,8,69,857,119,70
MN,8,69,860,62,38
MN,8,69,865,49,64
MN,8,69,875,49,38
MN,8,69,880,129,78
MN,8,69,881,24,20
MN,8,69,885,35,40
MN,8,69,890,10,4
MN,8,69,895,773,352
MN,8,69,910,925,642
MN,8,69,915,120,62
MN,8,69,920,482,305
MN,8,69,925,63,30
MN,8,69,930,45,21
MN,8,69,935,43,28
MN,8,69,940,141,62
MN,8,69,945,91,41
MN,8,69,950,91,44
MN,8,69,960,191,187
MN,8,69,962,0,1
MN,8,69,965,79,43
MN,8,69,970,249,231
MN,8,69,971,43,30
MN,8,69,973,8,3
MN,8,69,975,141,80
MN,8,69,979,4,0
MN,8,69,990,8,1
MN,8,69,999,28,14
MN,8,69,1000,34,68
MN,8,69,1001,51,3
MN,8,69,1002,41,43
MN,8,69,1005,18,3
MN,8,69,1011,6,7
MN,8,69,1030,58,14
MN,8,69,1035,110,76
MN,8,69,1040,542,250
MN,8,69,1045,350,259
MN,8,69,1050,326,140
MN,8,69,1055,398,219
MN,8,69,1060,495,234
MN,8,69,1125,76,33
MN,8,69,1130,450,223
MN,8,69,1135,184,157
MN,8,69,1136,201,130
MN,8,69,1140,24,33
MN,8,69,1145,38,25
MN,8,69,1150,162,102
MN,8,69,1155,105,35
MN,8,69,1160,37,44
MN,2,70,5,737,993
MN,2,70,10,124,221
MN,2,70,15,59,122
MN,2,70,20,343,730
MN,2,70,25,614,1518
MN,2,70,37,418,879
MN,2,70,40,220,443
MN,2,70,45,154,183
MN,2,70,50,438,660
MN,2,70,55,167,297
MN,2,70,60,167,346
MN,2,70,70,471,977
MN,2,70,75,614,721
MN,2,70,80,430,623
MN,2,70,84,302,392
MN,2,70,90,575,712
MN,2,70,91,536,837
MN,2,70,92,521,883
MN,2,70,93,328,621
MN,2,70,94,280,440
MN,2,70,97,426,683
MN,2,70,99,77,141
MN,2,70,100,180,373
MN,2,70,105,260,206
MN,2,70,110,623,676
MN,2,70,111,561,676
MN,2,70,112,648,866
MN,2,70,113,247,529
MN,2,70,114,619,896
MN,2,70,116,662,979
MN,2,70,117,352,363
MN,2,70,119,544,531
MN,2,70,120,402,396
MN,2,70,125,319,323
MN,2,70,130,430,568
MN,2,70,135,365,362
MN,2,70,136,502,556
MN,2,70,137,249,260
MN,2,70,138,362,452
MN,2,70,145,254,488
MN,2,70,150,523,714
MN,2,70,153,263,392
MN,2,70,156,299,465
MN,2,70,157,17,3
MN,2,70,158,46,60
MN,2,70,160,414,1030
MN,6,71,5,350,632
MN,6,71,10,486,804
MN,6,71,15,468,1142
MN,6,71,20,340,408
MN,6,71,22,235,376
MN,6,71,24,490,854
MN,6,71,25,369,551
MN,6,71,30,188,393
MN,6,71,35,71,94
MN,6,71,40,253,428
MN,6,71,45,404,562
MN,6,71,50,336,712
MN,6,71,55,333,417
MN,6,71,60,390,498
MN,6,71,65,322,568
MN,6,71,70,262,575
MN,6,71,75,379,830
MN,6,71,80,320,612
MN,6,71,85,22,17
MN,6,71,90,282,185
MN,6,71,95,270,189
MN,6,71,100,416,285
MN,6,71,105,171,394
MN,6,71,110,256,377
MN,6,71,111,238,442
MN,6,71,120,266,551
MN,6,71,121,188,362
MN,6,71,122,195,374
MN,6,71,125,369,735
MN,6,71,130,467,712
MN,6,71,135,428,732
MN,6,71,140,512,587
MN,6,71,145,349,566
MN,6,71,150,344,805
MN,6,71,155,15,26
MN,7,72,5,43,87
MN,7,72,10,368,429
MN,7,72,15,103,136
MN,7,72,20,27,55
MN,7,72,25,29,70
MN,7,72,30,46,80
MN,7,72,35,80,162
MN,7,72,40,367,359
MN,7,72,45,113,145
MN,7,72,50,31,59
MN,7,72,55,65,129
MN,7,72,60,66,159
MN,7,72,65,158,148
MN,7,72,70,80,166
MN,7,72,75,81,130
MN,7,72,80,60,72
MN,7,72,85,42,80
MN,7,72,90,47,73
MN,7,72,95,52,139
MN,7,72,100,34,51
MN,7,72,105,42,79
MN,7,72,110,33,78
MN,7,72,115,58,148
MN,7,72,120,219,234
MN,7,73,5,267,458
MN,7,73,10,79,234
MN,7,73,15,19,61
MN,6,73,20,216,305
MN,6,73,25,125,284
MN,6,73,27,186,215
MN,7,73,30,129,114
MN,6,73,35,356,618
MN,7,73,40,126,89
MN,6,73,45,565,710
MN,6,73,50,369,492
MN,6,73,55,251,183
MN,7,73,60,44,68
MN,7,73,65,49,48
MN,6,73,70,189,321
MN,7,73,75,58,66
MN,7,73,80,36,64
MN,6,73,85,212,296
MN,7,73,90,99,241
MN,7,73,95,73,161
MN,7,73,100,26,75
MN,7,73,105,18,56
MN,7,73,110,49,109
MN,6,73,115,133,268
MN,6,73,120,104,124
MN,6,73,125,92,109
MN,7,73,130,62,223
MN,7,73,135,26,60
MN,7,73,137,2,24
MN,7,73,140,20,73
MN,6,73,145,242,390
MN,6,73,150,65,170
MN,6,73,155,279,430
MN,6,73,160,222,433
MN,7,73,165,13,41
MN,7,73,170,348,529
MN,7,73,180,88,184
MN,7,73,185,82,297
MN,7,73,190,91,156
MN,6,73,192,127,165
MN,7,73,195,24,73
MN,7,73,200,23,50
MN,7,73,205,58,123
MN,7,73,210,361,447
MN,7,73,215,278,378
MN,7,73,225,19,45
MN,6,73,230,221,291
MN,6,73,235,324,607
MN,7,73,245,13,19
MN,7,73,250,5,18
MN,6,73,255,417,839
MN,6,73,260,176,90
MN,6,73,265,319,200
MN,6,73,270,176,83
MN,6,73,275,250,209
MN,6,73,280,202,128
MN,6,73,285,341,389
MN,6,73,290,341,135
MN,6,73,295,588,442
MN,6,73,305,562,585
MN,6,73,307,439,401
MN,6,73,310,556,610
MN,6,73,312,267,242
MN,6,73,315,314,278
MN,6,73,317,421,368
MN,6,73,320,457,393
MN,6,73,330,329,287
MN,6,73,335,182,140
MN,6,73,340,193,183
MN,6,73,345,489,293
MN,6,73,350,407,430
MN,6,73,355,580,778
MN,6,73,360,575,740
MN,6,73,380,380,228
MN,6,73,385,620,601
MN,6,73,390,228,326
MN,6,73,395,2,2
MN,7,73,399,21,71
MN,7,73,400,37,105
MN,7,73,404,8,16
MN,6,73,405,85,193
MN,6,73,410,353,481
MN,6,73,414,362,639
MN,6,73,415,311,370
MN,6,73,416,408,525
MN,6,73,417,223,342
MN,6,73,418,366,443
MN,6,73,419,337,425
MN,7,73,420,508,793
MN,7,73,430,108,280
MN,7,73,434,6,14
MN,7,73,435,26,63
MN,6,73,440,295,253
MN,6,73,441,469,409
MN,6,73,442,162,152
MN,6,73,443,28,24
MN,6,73,445,420,685
MN,7,73,450,35,75
MN,1,74,5,72,117
MN,1,74,10,77,125
MN,1,74,15,330,247
MN,1,74,20,83,86
MN,1,74,25,59,108
MN,1,74,30,75,151
MN,1,74,35,125,141
MN,1,74,40,80,147
MN,1,74,45,68,131
MN,1,74,50,174,216
MN,1,74,55,78,120
MN,1,74,60,74,124
MN,1,74,65,52,85
MN,1,74,70,411,355
MN,1,74,75,456,568
MN,1,74,85,292,363
MN,1,74,90,475,718
MN,1,74,100,240,253
MN,1,74,105,246,308
MN,1,74,115,418,452
MN,1,74,120,457,490
MN,1,74,130,316,447
MN,1,74,135,315,405
MN,1,74,145,76,185
MN,1,74,150,125,151
MN,1,74,155,71,83
MN,7,75,5,17,30
MN,7,75,10,16,38
MN,7,75,15,89,93
MN,7,75,20,28,90
MN,7,75,25,61,61
MN,7,75,30,25,22
MN,7,75,35,18,31
MN,7,75,40,26,19
MN,7,75,45,64,100
MN,7,75,50,93,139
MN,7,75,55,21,112
MN,7,75,60,5,73
MN,7,75,65,10,74
MN,7,75,72,194,75
MN,7,75,73,236,171
MN,7,75,75,214,96
MN,7,75,76,274,73
MN,7,75,80,253,154
MN,7,75,81,179,195
MN,7,75,85,57,110
MN,7,75,90,24,33
MN,7,75,95,28,39
MN,7,75,100,30,29
MN,7,75,105,10,25
MN,7,75,110,34,70
MN,7,75,115,21,14
MN,7,76,5,327,190
MN,7,76,10,44,48
MN,7,76,15,355,229
MN,7,76,20,333,266
MN,7,76,25,94,56
MN,7,76,30,67,25
MN,7,76,35,29,40
MN,7,76,40,32,27
MN,7,76,45,19,12
MN,7,76,50,30,15
MN,7,76,55,24,24
MN,7,76,60,32,40
MN,7,76,65,33,18
MN,7,76,70,24,34
MN,7,76,75,45,40
MN,7,76,80,23,16
MN,7,76,85,41,7
MN,7,76,90,128,172
MN,7,76,95,69,52
MN,7,76,100,38,23
MN,7,76,105,21,8
MN,7,76,110,29,11
MN,7,76,115,53,30
MN,7,76,120,52,73
MN,7,76,125,29,26
MN,7,76,130,39,28
MN,7,76,135,32,32
MN,7,76,140,13,18
MN,7,76,145,95,82
MN,7,76,150,39,23
MN,7,77,5,52,94
MN,7,77,10,75,79
MN,7,77,15,54,60
MN,7,77,20,130,175
MN,7,77,25,149,103
MN,7,77,30,94,109
MN,7,77,35,72,72
MN,7,77,40,129,165
MN,7,77,45,26,10
MN,7,77,50,151,123
MN,7,77,55,127,88
MN,7,77,60,85,94
MN,7,77,65,56,116
MN,7,77,70,47,94
MN,7,77,75,77,175
MN,7,77,80,67,65
MN,7,77,85,113,148
MN,7,77,90,136,124
MN,7,77,95,38,27
MN,7,77,100,67,51
MN,7,77,105,99,187
MN,7,77,110,111,144
MN,7,77,115,51,66
MN,7,77,120,105,184
MN,7,77,126,347,435
MN,7,77,135,122,248
MN,7,77,140,69,144
MN,7,77,145,32,32
MN,7,77,150,79,112
MN,7,77,155,86,139
MN,7,77,160,227,279
MN,7,77,165,69,139
MN,7,77,170,54,109
MN,7,77,175,71,63
MN,7,77,180,83,142
MN,7,77,185,92,139
MN,7,77,188,7,20
MN,7,77,190,31,68
MN,7,77,195,78,86
MN,7,78,5,14,16
MN,7,78,10,118,60
MN,7,78,15,18,13
MN,7,78,20,10,24
MN,7,78,25,16,24
MN,7,78,27,21,14
MN,7,78,30,34,23
MN,7,78,35,58,52
MN,7,78,40,12,28
MN,7,78,45,24,34
MN,7,78,50,15,14
MN,7,78,55,10,3
MN,7,78,60,19,23
MN,7,78,65,18,32
MN,7,78,70,13,19
MN,7,78,75,10,9
MN,7,78,80,21,17
MN,7,78,85,157,92
MN,7,78,90,209,103
MN,7,78,95,14,17
MN,2,79,5,3,10
MN,2,79,10,45,106
MN,2,79,15,94,178
MN,2,79,20,87,179
MN,2,79,25,67,141
MN,2,79,30,34,65
MN,2,79,35,267,305
MN,2,79,40,28,7
MN,2,79,45,66,82
MN,2,79,50,44,50
MN,2,79,55,93,75
MN,2,79,60,113,95
MN,2,79,65,259,228
MN,2,79,70,258,230
MN,2,79,75,330,293
MN,2,79,80,155,130
MN,2,79,85,112,187
MN,2,79,90,15,40
MN,2,79,95,8,25
MN,2,79,100,32,31
MN,2,79,105,77,108
MN,2,79,110,60,84
MN,2,79,115,107,71
MN,2,79,120,211,308
MN,2,79,125,196,275
MN,2,79,130,53,113
MN,2,79,140,225,125
MN,2,79,145,207,158
MN,2,79,150,152,122
MN,2,79,155,55,53
MN,2,79,160,44,118
MN,2,79,165,112,201
MN,2,79,170,26,35
MN,8,80,5,2,12
MN,8,80,10,41,139
MN,8,80,15,115,209
MN,8,80,20,19,46
MN,8,80,25,18,16
MN,8,80,30,28,62
MN,8,80,32,32,62
MN,8,80,35,17,55
MN,8,80,40,30,47
MN,8,80,45,220,289
MN,8,80,50,14,13
MN,8,80,55,29,72
MN,8,80,60,35,32
MN,8,80,65,62,108
MN,8,80,70,57,83
MN,8,80,75,103,98
MN,8,80,80,60,46
MN,8,80,85,95,127
MN,8,80,90,128,209
MN,8,80,95,48,107
MN,8,80,100,186,234
MN,8,80,105,159,166
MN,8,80,110,247,290
MN,8,80,120,104,263
MN,8,80,125,28,147
MN,1,81,5,61,92
MN,1,81,10,111,134
MN,1,81,15,32,53
MN,1,81,20,2,0
MN,1,81,25,44,82
MN,1,81,30,116,139
MN,1,81,35,341,319
MN,1,81,45,102,102
MN,1,81,50,204,159
MN,1,81,55,64,91
MN,1,81,60,69,130
MN,1,81,65,75,96
MN,1,81,70,24,58
MN,1,81,75,27,54
MN,1,81,80,301,322
MN,1,81,85,133,103
MN,1,81,90,420,422
MN,1,81,95,145,110
MN,1,81,100,111,69
MN,1,81,105,228,214
MN,1,81,110,56,72
MN,1,81,115,224,403
MN,4,82,5,213,193
MN,4,82,10,169,212
MN,4,82,15,177,203
MN,4,82,20,163,202
MN,4,82,25,454,400
MN,4,82,30,354,544
MN,4,82,35,257,221
MN,2,82,40,477,501
MN,2,82,45,457,448
MN,2,82,50,449,412
MN,2,82,55,679,541
MN,2,82,60,603,607
MN,2,82,65,682,464
MN,2,82,70,638,522
MN,2,82,75,639,748
MN,2,82,80,588,489
MN,2,82,85,152,198
MN,2,82,90,613,571
MN,4,82,95,168,414
MN,2,82,100,306,444
MN,6,82,105,411,476
MN,6,82,110,512,629
MN,6,82,115,554,932
MN,6,82,120,494,700
MN,6,82,125,750,1051
MN,4,82,130,849,1393
MN,2,82,135,76,55
MN,2,82,140,0,1
MN,6,82,145,660,994
MN,6,82,150,69,150
MN,6,82,155,520,705
MN,6,82,160,489,662
MN,6,82,165,176,370
MN,4,82,170,652,788
MN,4,82,175,884,1248
MN,4,82,180,398,409
MN,4,82,185,83,77
MN,4,82,190,269,177
MN,4,82,195,101,58
MN,4,82,200,897,882
MN,4,82,205,1034,1167
MN,6,82,210,278,143
MN,6,82,215,660,777
MN,4,82,220,528,474
MN,4,82,225,515,374
MN,4,82,230,472,321
MN,4,82,235,863,618
MN,4,82,240,645,481
MN,4,82,245,691,551
MN,4,82,250,543,643
MN,4,82,255,1001,883
MN,4,82,260,299,319
MN,4,82,265,362,274
MN,4,82,270,554,527
MN,4,82,275,101,116
MN,4,82,280,88,98
MN,2,82,285,159,143
MN,4,82,290,37,37
MN,2,82,295,382,249
MN,2,82,300,293,250
MN,6,82,305,901,1032
MN,4,82,310,351,271
MN,4,82,315,704,353
MN,4,82,320,491,331
MN,4,82,325,772,534
MN,4,82,330,820,911
MN,4,82,340,692,624
MN,4,82,345,383,422
MN,4,82,350,553,700
MN,4,82,360,695,1205
MN,4,82,365,87,86
MN,4,82,370,113,66
MN,4,82,375,708,482
MN,4,82,380,937,868
MN,4,82,385,433,348
MN,4,82,390,861,669
MN,4,82,395,875,598
MN,4,82,400,634,667
MN,4,82,405,702,707
MN,4,82,410,791,964
MN,4,82,415,959,1063
MN,4,82,420,787,895
MN,4,82,425,909,838
MN,4,82,430,761,780
MN,4,82,435,494,838
MN,4,82,440,451,476
MN,4,82,445,309,657
MN,4,82,450,691,1001
MN,1,83,5,33,39
MN,1,83,10,34,67
MN,1,83,15,87,72
MN,1,83,20,23,90
MN,1,83,25,16,5
MN,1,83,30,31,42
MN,1,83,35,16,4
MN,1,83,40,36,41
MN,1,83,45,75,80
MN,1,83,50,310,236
MN,1,83,60,58,85
MN,1,83,65,59,57
MN,1,83,70,24,28
MN,1,83,75,40,42
MN,1,83,80,7,15
MN,1,83,85,69,76
MN,1,83,90,70,76
MN,1,83,95,347,263
MN,1,83,110,359,238
MN,1,83,125,48,60
MN,1,83,135,22,71
MN,7,84,5,14,60
MN,7,84,10,5,18
MN,7,84,15,26,20
MN,7,84,20,8,15
MN,7,84,25,19,28
MN,7,84,30,207,231
MN,7,84,35,175,175
MN,7,84,40,128,97
MN,7,84,50,34,61
MN,7,84,55,30,27
MN,7,84,60,6,16
MN,7,84,65,9,13
MN,7,84,70,12,28
MN,7,84,72,4,8
MN,7,84,75,18,20
MN,7,84,80,17,31
MN,7,84,85,23,18
MN,7,84,90,15,14
MN,7,84,95,11,13
MN,7,84,100,9,17
MN,7,84,105,8,12
MN,7,84,110,16,19
MN,7,84,113,4,11
MN,7,84,115,7,18
MN,7,84,120,14,24
MN,7,84,125,24,36
MN,7,84,130,18,24
MN,7,84,135,54,43
MN,7,84,140,22,37
MN,7,84,145,16,15
MN,7,84,150,12,28
MN,7,84,155,23,21
MN,1,85,5,52,96
MN,1,85,10,88,67
MN,1,85,15,76,116
MN,1,85,20,29,32
MN,1,85,25,53,75
MN,1,85,30,47,100
MN,1,85,35,376,281
MN,1,85,40,223,234
MN,1,85,42,45,54
MN,1,85,45,54,62
MN,1,85,50,72,81
MN,1,85,55,274,285
MN,1,85,58,2,2
MN,1,85,60,255,255
MN,1,85,65,17,9
MN,1,85,70,43,27
MN,1,85,75,33,58
MN,1,85,80,135,152
MN,1,85,85,68,102
MN,1,85,90,68,128
MN,1,85,95,102,132
MN,1,85,100,110,126
MN,1,85,105,123,134
MN,1,85,110,509,692
MN,1,85,115,85,109
MN,1,85,120,73,98
MN,1,85,125,116,108
MN,1,85,130,39,34
MN,1,85,135,82,130
MN,1,85,140,78,138
MN,1,85,145,23,33
MN,1,85,150,189,242
MN,1,85,155,198,155
MN,1,85,160,332,309
MN,1,85,165,253,152
MN,1,85,170,344,300
MN,1,85,175,293,144
MN,1,85,180,255,154
MN,1,85,185,306,134
MN,1,85,190,177,84
MN,1,85,195,210,116
MN,1,85,200,201,91
MN,1,85,205,309,131
MN,1,85,210,178,95
MN,1,85,215,229,130
MN,1,85,220,230,123
MN,1,85,225,285,222
MN,1,85,230,414,382
MN,1,85,240,76,63
MN,6,86,5,705,1245
MN,6,86,10,196,309
MN,6,86,15,456,503
MN,6,86,20,875,1263
MN,6,86,25,672,878
MN,6,86,30,493,664
MN,6,86,31,20,32
MN,6,86,35,240,510
MN,6,86,40,187,373
MN,6,86,45,222,292
MN,6,86,50,190,341
MN,6,86,55,314,523
MN,6,86,60,120,368
MN,6,86,65,374,639
MN,6,86,70,10,14
MN,6,86,75,863,1325
MN,6,86,85,397,780
MN,6,86,90,168,286
MN,6,86,95,291,604
MN,6,86,96,0,1
MN,6,86,100,235,288
MN,6,86,105,251,377
MN,6,86,110,282,443
MN,6,86,111,20,44
MN,6,86,115,217,452
MN,6,86,120,105,243
MN,6,86,125,1512,1904
MN,6,86,130,439,777
MN,6,86,135,360,561
MN,6,86,140,834,1549
MN,6,86,141,827,1309
MN,6,86,142,60,78
MN,6,86,145,482,652
MN,6,86,150,484,807
MN,6,86,155,754,1442
MN,6,86,156,1107,2190
MN,6,86,160,349,654
MN,6,86,165,25,24
MN,6,86,170,229,354
MN,6,86,175,86,212
MN,6,86,180,123,291
MN,6,86,185,195,253
MN,6,86,190,132,318
MN,7,87,5,31,31
MN,7,87,10,318,275
MN,7,87,20,148,128
MN,7,87,25,27,51
MN,7,87,30,18,52
MN,7,87,35,17,28
MN,7,87,40,13,25
MN,7,87,45,34,57
MN,7,87,50,432,263
MN,7,87,65,33,59
MN,7,87,70,37,26
MN,7,87,75,14,6
MN,7,87,80,48,42
MN,7,87,85,42,28
MN,7,87,90,85,75
MN,7,87,95,26,79
MN,7,87,100,39,48
MN,7,87,105,15,36
MN,7,87,110,36,54
MN,7,87,115,42,29
MN,7,87,120,29,70
MN,7,87,125,27,14
MN,7,87,130,38,45
MN,7,87,135,42,53
MN,7,87,140,79,108
MN,7,87,145,20,33
MN,7,87,150,23,41
MN,7,87,155,35,33
MN,7,87,160,72,67
MN,7,87,165,43,50
